year,geo,disagg,value,projections,benchmark_low,benchmark_mid,benchmark_high
2019,AGO,Food organic waste (organic),52,,,,
2019,ALB,Food organic waste (organic),51,,,,
2019,AND,Food organic waste (organic),31,,,,
2019,ARG,Food organic waste (organic),39,,,,
2019,ARM,Food organic waste (organic),57,,,,
2019,ASM,Food organic waste (organic),20,,,,
2019,ATG,Food organic waste (organic),46,,,,
2019,AUS,Food organic waste (organic),48,,,,
2019,AUT,Food organic waste (organic),31,,,,
2019,AZE,Food organic waste (organic),45,,,,
2019,BDI,Food organic waste (organic),81,,,,
2019,BEL,Food organic waste (organic),14,,,,
2019,BEN,Food organic waste (organic),52,,,,
2019,BFA,Food organic waste (organic),21,,,,
2019,BGD,Food organic waste (organic),81,,,,
2019,BGR,Food organic waste (organic),24,,,,
2019,BHR,Food organic waste (organic),59,,,,
2019,BHS,Food organic waste (organic),46,,,,
2019,BLR,Food organic waste (organic),30,,,,
2019,BLZ,Food organic waste (organic),47,,,,
2019,BMU,Food organic waste (organic),17,,,,
2019,BOL,Food organic waste (organic),55,,,,
2019,BRA,Food organic waste (organic),51,,,,
2019,BRB,Food organic waste (organic),18,,,,
2019,BRN,Food organic waste (organic),36,,,,
2019,BTN,Food organic waste (organic),58,,,,
2019,BWA,Food organic waste (organic),8,,,,
2019,CAN,Food organic waste (organic),24,,,,
2019,CHE,Food organic waste (organic),29,,,,
2019,CHL,Food organic waste (organic),53,,,,
2019,CHN,Food organic waste (organic),61,,,,
2019,CMR,Food organic waste (organic),83,,,,
2019,COL,Food organic waste (organic),60,,,,
2019,COM,Food organic waste (organic),50,,,,
2019,CRI,Food organic waste (organic),58,,,,
2019,CUB,Food organic waste (organic),69,,,,
2019,CYM,Food organic waste (organic),11,,,,
2019,CYP,Food organic waste (organic),42,,,,
2019,CZE,Food organic waste (organic),62,,,,
2019,DEU,Food organic waste (organic),30,,,,
2019,DMA,Food organic waste (organic),45,,,,
2019,DNK,Food organic waste (organic),13,,,,
2019,DOM,Food organic waste (organic),51,,,,
2019,DZA,Food organic waste (organic),54,,,,
2019,ECU,Food organic waste (organic),59,,,,
2019,EGY,Food organic waste (organic),56,,,,
2019,ESP,Food organic waste (organic),49,,,,
2019,EST,Food organic waste (organic),37,,,,
2019,ETH,Food organic waste (organic),88,,,,
2019,FIN,Food organic waste (organic),36,,,,
2019,FJI,Food organic waste (organic),33,,,,
2019,FRA,Food organic waste (organic),32,,,,
2019,FSM,Food organic waste (organic),24,,,,
2019,GBR,Food organic waste (organic),17,,,,
2019,GEO,Food organic waste (organic),39,,,,
2019,GHA,Food organic waste (organic),67,,,,
2019,GIB,Food organic waste (organic),25,,,,
2019,GIN,Food organic waste (organic),58,,,,
2019,GMB,Food organic waste (organic),35,,,,
2019,GRC,Food organic waste (organic),40,,,,
2019,GRD,Food organic waste (organic),27,,,,
2019,GRL,Food organic waste (organic),43,,,,
2019,GTM,Food organic waste (organic),38,,,,
2019,GUM,Food organic waste (organic),27,,,,
2019,GUY,Food organic waste (organic),50,,,,
2019,HKG,Food organic waste (organic),35,,,,
2019,HND,Food organic waste (organic),58,,,,
2019,HRV,Food organic waste (organic),31,,,,
2019,HTI,Food organic waste (organic),61,,,,
2019,HUN,Food organic waste (organic),23,,,,
2019,IDN,Food organic waste (organic),54,,,,
2019,IRL,Food organic waste (organic),17,,,,
2019,IRN,Food organic waste (organic),73,,,,
2019,IRQ,Food organic waste (organic),69,,,,
2019,ISL,Food organic waste (organic),10,,,,
2019,ISR,Food organic waste (organic),34,,,,
2019,ITA,Food organic waste (organic),34,,,,
2019,JAM,Food organic waste (organic),62,,,,
2019,JOR,Food organic waste (organic),50,,,,
2019,JPN,Food organic waste (organic),36,,,,
2019,KAZ,Food organic waste (organic),30,,,,
2019,KEN,Food organic waste (organic),57,,,,
2019,KHM,Food organic waste (organic),67,,,,
2019,KIR,Food organic waste (organic),44,,,,
2019,KOR,Food organic waste (organic),30,,,,
2019,KWT,Food organic waste (organic),45,,,,
2019,LAO,Food organic waste (organic),17,,,,
2019,LBN,Food organic waste (organic),53,,,,
2019,LBY,Food organic waste (organic),70,,,,
2019,LCA,Food organic waste (organic),45,,,,
2019,LIE,Food organic waste (organic),38,,,,
2019,LKA,Food organic waste (organic),62,,,,
2019,LTU,Food organic waste (organic),40,,,,
2019,LUX,Food organic waste (organic),30,,,,
2019,LVA,Food organic waste (organic),47,,,,
2019,MAC,Food organic waste (organic),3,,,,
2019,MAR,Food organic waste (organic),60,,,,
2019,MDA,Food organic waste (organic),55,,,,
2019,MDV,Food organic waste (organic),24,,,,
2019,MEX,Food organic waste (organic),52,,,,
2019,MHL,Food organic waste (organic),8,,,,
2019,MKD,Food organic waste (organic),29,,,,
2019,MLI,Food organic waste (organic),18,,,,
2019,MLT,Food organic waste (organic),52,,,,
2019,MNE,Food organic waste (organic),34,,,,
2019,MNG,Food organic waste (organic),23,,,,
2019,MNP,Food organic waste (organic),44,,,,
2019,MOZ,Food organic waste (organic),60,,,,
2019,MRT,Food organic waste (organic),5,,,,
2019,MUS,Food organic waste (organic),64,,,,
2019,MYS,Food organic waste (organic),46,,,,
2019,NCL,Food organic waste (organic),44,,,,
2019,NER,Food organic waste (organic),38,,,,
2019,NLD,Food organic waste (organic),35,,,,
2019,NOR,Food organic waste (organic),16,,,,
2019,NPL,Food organic waste (organic),52,,,,
2019,NRU,Food organic waste (organic),44,,,,
2019,NZL,Food organic waste (organic),28,,,,
2019,OMN,Food organic waste (organic),27,,,,
2019,PAN,Food organic waste (organic),46,,,,
2019,PHL,Food organic waste (organic),52,,,,
2019,PLW,Food organic waste (organic),26,,,,
2019,PNG,Food organic waste (organic),31,,,,
2019,POL,Food organic waste (organic),37,,,,
2019,PRT,Food organic waste (organic),37,,,,
2019,PSE,Food organic waste (organic),59,,,,
2019,PYF,Food organic waste (organic),47,,,,
2019,QAT,Food organic waste (organic),57,,,,
2019,ROU,Food organic waste (organic),56,,,,
2019,RUS,Food organic waste (organic),28,,,,
2019,SAU,Food organic waste (organic),46,,,,
2019,SDN,Food organic waste (organic),51,,,,
2019,SEN,Food organic waste (organic),12,,,,
2019,SLB,Food organic waste (organic),43,,,,
2019,SLV,Food organic waste (organic),65,,,,
2019,SMR,Food organic waste (organic),5,,,,
2019,SRB,Food organic waste (organic),38,,,,
2019,SUR,Food organic waste (organic),57,,,,
2019,SVK,Food organic waste (organic),42,,,,
2019,SWE,Food organic waste (organic),23,,,,
2019,SXM,Food organic waste (organic),46,,,,
2019,SYC,Food organic waste (organic),49,,,,
2019,SYR,Food organic waste (organic),57,,,,
2019,TCA,Food organic waste (organic),22,,,,
2019,TCD,Food organic waste (organic),70,,,,
2019,TGO,Food organic waste (organic),38,,,,
2019,THA,Food organic waste (organic),66,,,,
2019,TKM,Food organic waste (organic),16,,,,
2019,TLS,Food organic waste (organic),44,,,,
2019,TON,Food organic waste (organic),51,,,,
2019,TTO,Food organic waste (organic),27,,,,
2019,TUN,Food organic waste (organic),68,,,,
2019,TUR,Food organic waste (organic),64,,,,
2019,TUV,Food organic waste (organic),44,,,,
2019,TWN,Food organic waste (organic),23,,,,
2019,UGA,Food organic waste (organic),75,,,,
2019,UKR,Food organic waste (organic),37,,,,
2019,URY,Food organic waste (organic),54,,,,
2019,USA,Food organic waste (organic),15,,,,
2019,UZB,Food organic waste (organic),40,,,,
2019,VCT,Food organic waste (organic),50,,,,
2019,VGB,Food organic waste (organic),7,,,,
2019,VIR,Food organic waste (organic),46,,,,
2019,VNM,Food organic waste (organic),62,,,,
2019,VUT,Food organic waste (organic),73,,,,
2019,WSM,Food organic waste (organic),43,,,,
2019,XKX,Food organic waste (organic),42,,,,
2019,YEM,Food organic waste (organic),65,,,,
2019,ZAF,Food organic waste (organic),16,,,,
2019,ZWE,Food organic waste (organic),36,,,,
2025,AFG,Food organic waste (organic),52,,,,
2025,AGO,Food organic waste (organic),52,,,,
2025,ALB,Food organic waste (organic),58,,,,
2025,AND,Food organic waste (organic),21,,,,
2025,ARE,Food organic waste (organic),28,,,,
2025,ARG,Food organic waste (organic),35,,,,
2025,ARM,Food organic waste (organic),46,,,,
2025,ASM,Food organic waste (organic),20,,,,
2025,ATG,Food organic waste (organic),25,,,,
2025,AUS,Food organic waste (organic),39,,,,
2025,AZE,Food organic waste (organic),43,,,,
2025,BDI,Food organic waste (organic),57,,,,
2025,BEL,Food organic waste (organic),37,,,,
2025,BEN,Food organic waste (organic),52,,,,
2025,BFA,Food organic waste (organic),28,,,,
2025,BGD,Food organic waste (organic),19,,,,
2025,BGR,Food organic waste (organic),10,,,,
2025,BHR,Food organic waste (organic),41,,,,
2025,BLZ,Food organic waste (organic),40,,,,
2025,BMU,Food organic waste (organic),24,,,,
2025,BOL,Food organic waste (organic),60,,,,
2025,BRA,Food organic waste (organic),45,,,,
2025,BRB,Food organic waste (organic),32,,,,
2025,BRN,Food organic waste (organic),32,,,,
2025,BTN,Food organic waste (organic),44,,,,
2025,BWA,Food organic waste (organic),13,,,,
2025,CAN,Food organic waste (organic),27,,,,
2025,CHE,Food organic waste (organic),40,,,,
2025,CHL,Food organic waste (organic),58,,,,
2025,CHN,Food organic waste (organic),59,,,,
2025,CMR,Food organic waste (organic),83,,,,
2025,COL,Food organic waste (organic),62,,,,
2025,COM,Food organic waste (organic),50,,,,
2025,CPV,Food organic waste (organic),17,,,,
2025,CRI,Food organic waste (organic),52,,,,
2025,CUB,Food organic waste (organic),69,,,,
2025,CUW,Food organic waste (organic),28,,,,
2025,CYP,Food organic waste (organic),42,,,,
2025,CZE,Food organic waste (organic),37,,,,
2025,DEU,Food organic waste (organic),35,,,,
2025,DNK,Food organic waste (organic),23,,,,
2025,DOM,Food organic waste (organic),60,,,,
2025,DZA,Food organic waste (organic),54,,,,
2025,ECU,Food organic waste (organic),28,,,,
2025,EGY,Food organic waste (organic),56,,,,
2025,ESP,Food organic waste (organic),7,,,,
2025,EST,Food organic waste (organic),32,,,,
2025,ETH,Food organic waste (organic),70,,,,
2025,FIN,Food organic waste (organic),30,,,,
2025,FJI,Food organic waste (organic),37,,,,
2025,FRA,Food organic waste (organic),22,,,,
2025,FSM,Food organic waste (organic),18,,,,
2025,GBR,Food organic waste (organic),20,,,,
2025,GEO,Food organic waste (organic),46,,,,
2025,GIB,Food organic waste (organic),28,,,,
2025,GIN,Food organic waste (organic),58,,,,
2025,GRC,Food organic waste (organic),43,,,,
2025,GRD,Food organic waste (organic),27,,,,
2025,GTM,Food organic waste (organic),56,,,,
2025,GUM,Food organic waste (organic),27,,,,
2025,GUY,Food organic waste (organic),50,,,,
2025,HKG,Food organic waste (organic),23,,,,
2025,HND,Food organic waste (organic),58,,,,
2025,HRV,Food organic waste (organic),31,,,,
2025,HTI,Food organic waste (organic),61,,,,
2025,HUN,Food organic waste (organic),19,,,,
2025,IDN,Food organic waste (organic),40,,,,
2025,IND,Food organic waste (organic),45,,,,
2025,IRL,Food organic waste (organic),16,,,,
2025,IRN,Food organic waste (organic),72,,,,
2025,IRQ,Food organic waste (organic),68,,,,
2025,ISR,Food organic waste (organic),43,,,,
2025,ITA,Food organic waste (organic),35,,,,
2025,JAM,Food organic waste (organic),55,,,,
2025,JOR,Food organic waste (organic),51,,,,
2025,JPN,Food organic waste (organic),28,,,,
2025,KAZ,Food organic waste (organic),30,,,,
2025,KEN,Food organic waste (organic),59,,,,
2025,KGZ,Food organic waste (organic),32,,,,
2025,KHM,Food organic waste (organic),55,,,,
2025,KIR,Food organic waste (organic),67,,,,
2025,KNA,Food organic waste (organic),27,,,,
2025,KOR,Food organic waste (organic),24,,,,
2025,KWT,Food organic waste (organic),47,,,,
2025,LBN,Food organic waste (organic),71,,,,
2025,LBY,Food organic waste (organic),70,,,,
2025,LCA,Food organic waste (organic),53,,,,
2025,LIE,Food organic waste (organic),32,,,,
2025,LKA,Food organic waste (organic),62,,,,
2025,LTU,Food organic waste (organic),30,,,,
2025,LUX,Food organic waste (organic),32,,,,
2025,LVA,Food organic waste (organic),33,,,,
2025,MAC,Food organic waste (organic),38,,,,
2025,MAF,Food organic waste (organic),31,,,,
2025,MAR,Food organic waste (organic),70,,,,
2025,MDA,Food organic waste (organic),30,,,,
2025,MDG,Food organic waste (organic),45,,,,
2025,MDV,Food organic waste (organic),57,,,,
2025,MEX,Food organic waste (organic),33,,,,
2025,MHL,Food organic waste (organic),8,,,,
2025,MKD,Food organic waste (organic),45,,,,
2025,MLI,Food organic waste (organic),18,,,,
2025,MLT,Food organic waste (organic),36,,,,
2025,MMR,Food organic waste (organic),18,,,,
2025,MNE,Food organic waste (organic),32,,,,
2025,MNG,Food organic waste (organic),29,,,,
2025,MNP,Food organic waste (organic),15,,,,
2025,MOZ,Food organic waste (organic),60,,,,
2025,MUS,Food organic waste (organic),16,,,,
2025,MWI,Food organic waste (organic),82,,,,
2025,MYS,Food organic waste (organic),36,,,,
2025,NER,Food organic waste (organic),65,,,,
2025,NGA,Food organic waste (organic),50,,,,
2025,NLD,Food organic waste (organic),31,,,,
2025,NOR,Food organic waste (organic),23,,,,
2025,NPL,Food organic waste (organic),56,,,,
2025,NRU,Food organic waste (organic),12,,,,
2025,NZL,Food organic waste (organic),9,,,,
2025,OMN,Food organic waste (organic),35,,,,
2025,PAK,Food organic waste (organic),57,,,,
2025,PAN,Food organic waste (organic),33,,,,
2025,PER,Food organic waste (organic),44,,,,
2025,PHL,Food organic waste (organic),52,,,,
2025,PLW,Food organic waste (organic),53,,,,
2025,PNG,Food organic waste (organic),40,,,,
2025,POL,Food organic waste (organic),29,,,,
2025,PRI,Food organic waste (organic),13,,,,
2025,PRT,Food organic waste (organic),39,,,,
2025,PSE,Food organic waste (organic),50,,,,
2025,PYF,Food organic waste (organic),47,,,,
2025,QAT,Food organic waste (organic),57,,,,
2025,ROU,Food organic waste (organic),56,,,,
2025,RUS,Food organic waste (organic),34,,,,
2025,SAU,Food organic waste (organic),42,,,,
2025,SDN,Food organic waste (organic),40,,,,
2025,SEN,Food organic waste (organic),12,,,,
2025,SGP,Food organic waste (organic),11,,,,
2025,SLB,Food organic waste (organic),62,,,,
2025,SLV,Food organic waste (organic),39,,,,
2025,SRB,Food organic waste (organic),40,,,,
2025,STP,Food organic waste (organic),50,,,,
2025,SUR,Food organic waste (organic),57,,,,
2025,SVK,Food organic waste (organic),58,,,,
2025,SVN,Food organic waste (organic),15,,,,
2025,SWE,Food organic waste (organic),38,,,,
2025,SWZ,Food organic waste (organic),53,,,,
2025,SXM,Food organic waste (organic),26,,,,
2025,SYC,Food organic waste (organic),31,,,,
2025,SYR,Food organic waste (organic),57,,,,
2025,TCA,Food organic waste (organic),22,,,,
2025,TCD,Food organic waste (organic),70,,,,
2025,TGO,Food organic waste (organic),38,,,,
2025,THA,Food organic waste (organic),64,,,,
2025,TKM,Food organic waste (organic),16,,,,
2025,TLS,Food organic waste (organic),59,,,,
2025,TON,Food organic waste (organic),40,,,,
2025,TTO,Food organic waste (organic),21,,,,
2025,TUN,Food organic waste (organic),63,,,,
2025,TUR,Food organic waste (organic),56,,,,
2025,TUV,Food organic waste (organic),42,,,,
2025,TWN,Food organic waste (organic),17,,,,
2025,TZA,Food organic waste (organic),37,,,,
2025,UGA,Food organic waste (organic),73,,,,
2025,UKR,Food organic waste (organic),44,,,,
2025,URY,Food organic waste (organic),40,,,,
2025,USA,Food organic waste (organic),22,,,,
2025,UZB,Food organic waste (organic),28,,,,
2025,VCT,Food organic waste (organic),31,,,,
2025,VEN,Food organic waste (organic),50,,,,
2025,VGB,Food organic waste (organic),32,,,,
2025,VIR,Food organic waste (organic),9,,,,
2025,VNM,Food organic waste (organic),55,,,,
2025,VUT,Food organic waste (organic),37,,,,
2025,WSM,Food organic waste (organic),54,,,,
2025,XKX,Food organic waste (organic),42,,,,
2025,YEM,Food organic waste (organic),65,,,,
2025,ZAF,Food organic waste (organic),30,,,,
2025,ZMB,Food organic waste (organic),51,,,,
2025,ZWE,Food organic waste (organic),45,,,,
2019,AGO,Glass (inorganic),7,,,,
2019,ALB,Glass (inorganic),5,,,,
2019,AND,Glass (inorganic),8,,,,
2019,ARG,Glass (inorganic),3,,,,
2019,ARM,Glass (inorganic),3,,,,
2019,ASM,Glass (inorganic),3,,,,
2019,ATG,Glass (inorganic),7,,,,
2019,AUS,Glass (inorganic),4,,,,
2019,AUT,Glass (inorganic),7,,,,
2019,AZE,Glass (inorganic),5,,,,
2019,BDI,Glass (inorganic),3,,,,
2019,BEL,Glass (inorganic),3,,,,
2019,BEN,Glass (inorganic),2,,,,
2019,BFA,Glass (inorganic),1,,,,
2019,BGD,Glass (inorganic),0,,,,
2019,BGR,Glass (inorganic),6,,,,
2019,BHR,Glass (inorganic),3,,,,
2019,BHS,Glass (inorganic),7,,,,
2019,BLR,Glass (inorganic),8,,,,
2019,BLZ,Glass (inorganic),8,,,,
2019,BMU,Glass (inorganic),9,,,,
2019,BOL,Glass (inorganic),3,,,,
2019,BRA,Glass (inorganic),2,,,,
2019,BRB,Glass (inorganic),4,,,,
2019,BRN,Glass (inorganic),3,,,,
2019,BTN,Glass (inorganic),4,,,,
2019,CAN,Glass (inorganic),6,,,,
2019,CHE,Glass (inorganic),4,,,,
2019,CHL,Glass (inorganic),7,,,,
2019,CHN,Glass (inorganic),2,,,,
2019,CMR,Glass (inorganic),0,,,,
2019,COL,Glass (inorganic),2,,,,
2019,COM,Glass (inorganic),2,,,,
2019,CRI,Glass (inorganic),1,,,,
2019,CUB,Glass (inorganic),5,,,,
2019,CYM,Glass (inorganic),4,,,,
2019,CYP,Glass (inorganic),3,,,,
2019,CZE,Glass (inorganic),2,,,,
2019,DEU,Glass (inorganic),10,,,,
2019,DMA,Glass (inorganic),8,,,,
2019,DNK,Glass (inorganic),6,,,,
2019,DOM,Glass (inorganic),6,,,,
2019,DZA,Glass (inorganic),1,,,,
2019,ECU,Glass (inorganic),3,,,,
2019,EGY,Glass (inorganic),4,,,,
2019,ESP,Glass (inorganic),8,,,,
2019,EST,Glass (inorganic),8,,,,
2019,ETH,Glass (inorganic),1,,,,
2019,FIN,Glass (inorganic),9,,,,
2019,FJI,Glass (inorganic),4,,,,
2019,FRA,Glass (inorganic),10,,,,
2019,FSM,Glass (inorganic),7,,,,
2019,GBR,Glass (inorganic),2,,,,
2019,GEO,Glass (inorganic),3,,,,
2019,GHA,Glass (inorganic),0,,,,
2019,GIB,Glass (inorganic),4,,,,
2019,GIN,Glass (inorganic),1,,,,
2019,GMB,Glass (inorganic),2,,,,
2019,GRC,Glass (inorganic),3,,,,
2019,GRD,Glass (inorganic),3,,,,
2019,GRL,Glass (inorganic),7,,,,
2019,GTM,Glass (inorganic),4,,,,
2019,GUM,Glass (inorganic),5,,,,
2019,GUY,Glass (inorganic),5,,,,
2019,HKG,Glass (inorganic),3,,,,
2019,HND,Glass (inorganic),1,,,,
2019,HRV,Glass (inorganic),4,,,,
2019,HTI,Glass (inorganic),2,,,,
2019,HUN,Glass (inorganic),4,,,,
2019,IDN,Glass (inorganic),3,,,,
2019,IRL,Glass (inorganic),9,,,,
2019,IRN,Glass (inorganic),2,,,,
2019,IRQ,Glass (inorganic),2,,,,
2019,ISR,Glass (inorganic),3,,,,
2019,ITA,Glass (inorganic),8,,,,
2019,JAM,Glass (inorganic),3,,,,
2019,JOR,Glass (inorganic),2,,,,
2019,JPN,Glass (inorganic),5,,,,
2019,KAZ,Glass (inorganic),5,,,,
2019,KEN,Glass (inorganic),3,,,,
2019,KHM,Glass (inorganic),3,,,,
2019,KIR,Glass (inorganic),6,,,,
2019,KOR,Glass (inorganic),3,,,,
2019,KWT,Glass (inorganic),4,,,,
2019,LAO,Glass (inorganic),9,,,,
2019,LBN,Glass (inorganic),4,,,,
2019,LBY,Glass (inorganic),3,,,,
2019,LCA,Glass (inorganic),7,,,,
2019,LIE,Glass (inorganic),5,,,,
2019,LKA,Glass (inorganic),2,,,,
2019,LTU,Glass (inorganic),9,,,,
2019,LUX,Glass (inorganic),4,,,,
2019,LVA,Glass (inorganic),21,,,,
2019,MAC,Glass (inorganic),3,,,,
2019,MAR,Glass (inorganic),2,,,,
2019,MCO,Glass (inorganic),3,,,,
2019,MDA,Glass (inorganic),4,,,,
2019,MEX,Glass (inorganic),6,,,,
2019,MHL,Glass (inorganic),2,,,,
2019,MKD,Glass (inorganic),4,,,,
2019,MLI,Glass (inorganic),1,,,,
2019,MLT,Glass (inorganic),6,,,,
2019,MNE,Glass (inorganic),9,,,,
2019,MNP,Glass (inorganic),6,,,,
2019,MRT,Glass (inorganic),4,,,,
2019,MUS,Glass (inorganic),3,,,,
2019,MYS,Glass (inorganic),3,,,,
2019,NCL,Glass (inorganic),6,,,,
2019,NGA,Glass (inorganic),3,,,,
2019,NLD,Glass (inorganic),5,,,,
2019,NOR,Glass (inorganic),5,,,,
2019,NPL,Glass (inorganic),4,,,,
2019,NRU,Glass (inorganic),6,,,,
2019,NZL,Glass (inorganic),4,,,,
2019,OMN,Glass (inorganic),6,,,,
2019,PAN,Glass (inorganic),6,,,,
2019,PHL,Glass (inorganic),2,,,,
2019,PLW,Glass (inorganic),5,,,,
2019,POL,Glass (inorganic),10,,,,
2019,PRT,Glass (inorganic),7,,,,
2019,PSE,Glass (inorganic),2,,,,
2019,PYF,Glass (inorganic),3,,,,
2019,QAT,Glass (inorganic),4,,,,
2019,ROU,Glass (inorganic),5,,,,
2019,RUS,Glass (inorganic),17,,,,
2019,SAU,Glass (inorganic),4,,,,
2019,SDN,Glass (inorganic),4,,,,
2019,SEN,Glass (inorganic),2,,,,
2019,SLB,Glass (inorganic),7,,,,
2019,SLV,Glass (inorganic),4,,,,
2019,SMR,Glass (inorganic),6,,,,
2019,SRB,Glass (inorganic),5,,,,
2019,SUR,Glass (inorganic),3,,,,
2019,SVK,Glass (inorganic),19,,,,
2019,SWE,Glass (inorganic),9,,,,
2019,SXM,Glass (inorganic),7,,,,
2019,SYC,Glass (inorganic),5,,,,
2019,SYR,Glass (inorganic),3,,,,
2019,TCA,Glass (inorganic),21,,,,
2019,TCD,Glass (inorganic),1,,,,
2019,TGO,Glass (inorganic),2,,,,
2019,THA,Glass (inorganic),3,,,,
2019,TKM,Glass (inorganic),5,,,,
2019,TLS,Glass (inorganic),6,,,,
2019,TON,Glass (inorganic),6,,,,
2019,TTO,Glass (inorganic),10,,,,
2019,TUN,Glass (inorganic),2,,,,
2019,TUR,Glass (inorganic),2,,,,
2019,TUV,Glass (inorganic),6,,,,
2019,TWN,Glass (inorganic),4,,,,
2019,UGA,Glass (inorganic),1,,,,
2019,UKR,Glass (inorganic),5,,,,
2019,URY,Glass (inorganic),3,,,,
2019,USA,Glass (inorganic),4,,,,
2019,UZB,Glass (inorganic),3,,,,
2019,VCT,Glass (inorganic),6,,,,
2019,VGB,Glass (inorganic),18,,,,
2019,VIR,Glass (inorganic),7,,,,
2019,VNM,Glass (inorganic),2,,,,
2019,VUT,Glass (inorganic),5,,,,
2019,WSM,Glass (inorganic),2,,,,
2019,XKX,Glass (inorganic),6,,,,
2019,YEM,Glass (inorganic),1,,,,
2019,ZAF,Glass (inorganic),5,,,,
2019,ZWE,Glass (inorganic),5,,,,
2025,AFG,Glass (inorganic),1,,,,
2025,AGO,Glass (inorganic),7,,,,
2025,ALB,Glass (inorganic),5,,,,
2025,AND,Glass (inorganic),8,,,,
2025,ARE,Glass (inorganic),3,,,,
2025,ARG,Glass (inorganic),4,,,,
2025,ARM,Glass (inorganic),4,,,,
2025,ASM,Glass (inorganic),3,,,,
2025,ATG,Glass (inorganic),14,,,,
2025,AUS,Glass (inorganic),8,,,,
2025,AZE,Glass (inorganic),6,,,,
2025,BDI,Glass (inorganic),15,,,,
2025,BEL,Glass (inorganic),2,,,,
2025,BEN,Glass (inorganic),2,,,,
2025,BFA,Glass (inorganic),5,,,,
2025,BGD,Glass (inorganic),6,,,,
2025,BGR,Glass (inorganic),4,,,,
2025,BHR,Glass (inorganic),4,,,,
2025,BLZ,Glass (inorganic),6,,,,
2025,BMU,Glass (inorganic),13,,,,
2025,BOL,Glass (inorganic),3,,,,
2025,BRA,Glass (inorganic),3,,,,
2025,BRB,Glass (inorganic),5,,,,
2025,BTN,Glass (inorganic),7,,,,
2025,CAN,Glass (inorganic),2,,,,
2025,CHE,Glass (inorganic),7,,,,
2025,CHL,Glass (inorganic),3,,,,
2025,CHN,Glass (inorganic),3,,,,
2025,CMR,Glass (inorganic),0,,,,
2025,COL,Glass (inorganic),2,,,,
2025,COM,Glass (inorganic),2,,,,
2025,CPV,Glass (inorganic),13,,,,
2025,CRI,Glass (inorganic),2,,,,
2025,CUB,Glass (inorganic),5,,,,
2025,CUW,Glass (inorganic),8,,,,
2025,CYP,Glass (inorganic),4,,,,
2025,CZE,Glass (inorganic),7,,,,
2025,DEU,Glass (inorganic),8,,,,
2025,DNK,Glass (inorganic),4,,,,
2025,DOM,Glass (inorganic),6,,,,
2025,DZA,Glass (inorganic),1,,,,
2025,ECU,Glass (inorganic),3,,,,
2025,EGY,Glass (inorganic),4,,,,
2025,ESP,Glass (inorganic),8,,,,
2025,EST,Glass (inorganic),6,,,,
2025,ETH,Glass (inorganic),3,,,,
2025,FIN,Glass (inorganic),5,,,,
2025,FJI,Glass (inorganic),3,,,,
2025,FRA,Glass (inorganic),13,,,,
2025,FSM,Glass (inorganic),3,,,,
2025,GBR,Glass (inorganic),7,,,,
2025,GEO,Glass (inorganic),4,,,,
2025,GIB,Glass (inorganic),4,,,,
2025,GIN,Glass (inorganic),1,,,,
2025,GRC,Glass (inorganic),4,,,,
2025,GRD,Glass (inorganic),3,,,,
2025,GTM,Glass (inorganic),3,,,,
2025,GUM,Glass (inorganic),5,,,,
2025,GUY,Glass (inorganic),5,,,,
2025,HKG,Glass (inorganic),2,,,,
2025,HND,Glass (inorganic),1,,,,
2025,HRV,Glass (inorganic),4,,,,
2025,HTI,Glass (inorganic),2,,,,
2025,HUN,Glass (inorganic),4,,,,
2025,IDN,Glass (inorganic),2,,,,
2025,IND,Glass (inorganic),1,,,,
2025,IRL,Glass (inorganic),2,,,,
2025,IRN,Glass (inorganic),2,,,,
2025,IRQ,Glass (inorganic),2,,,,
2025,ITA,Glass (inorganic),8,,,,
2025,JAM,Glass (inorganic),3,,,,
2025,JOR,Glass (inorganic),4,,,,
2025,JPN,Glass (inorganic),5,,,,
2025,KAZ,Glass (inorganic),5,,,,
2025,KGZ,Glass (inorganic),10,,,,
2025,KHM,Glass (inorganic),8,,,,
2025,KIR,Glass (inorganic),2,,,,
2025,KNA,Glass (inorganic),8,,,,
2025,KOR,Glass (inorganic),2,,,,
2025,KWT,Glass (inorganic),4,,,,
2025,LBN,Glass (inorganic),4,,,,
2025,LBY,Glass (inorganic),3,,,,
2025,LCA,Glass (inorganic),4,,,,
2025,LIE,Glass (inorganic),7,,,,
2025,LKA,Glass (inorganic),2,,,,
2025,LTU,Glass (inorganic),4,,,,
2025,LUX,Glass (inorganic),7,,,,
2025,LVA,Glass (inorganic),11,,,,
2025,MAC,Glass (inorganic),4,,,,
2025,MAF,Glass (inorganic),12,,,,
2025,MAR,Glass (inorganic),2,,,,
2025,MDA,Glass (inorganic),6,,,,
2025,MDG,Glass (inorganic),1,,,,
2025,MDV,Glass (inorganic),2,,,,
2025,MEX,Glass (inorganic),5,,,,
2025,MHL,Glass (inorganic),2,,,,
2025,MKD,Glass (inorganic),4,,,,
2025,MLI,Glass (inorganic),1,,,,
2025,MLT,Glass (inorganic),7,,,,
2025,MMR,Glass (inorganic),3,,,,
2025,MNE,Glass (inorganic),9,,,,
2025,MNG,Glass (inorganic),5,,,,
2025,MNP,Glass (inorganic),5,,,,
2025,MUS,Glass (inorganic),5,,,,
2025,MWI,Glass (inorganic),3,,,,
2025,MYS,Glass (inorganic),2,,,,
2025,NGA,Glass (inorganic),4,,,,
2025,NLD,Glass (inorganic),5,,,,
2025,NOR,Glass (inorganic),5,,,,
2025,NPL,Glass (inorganic),3,,,,
2025,NRU,Glass (inorganic),9,,,,
2025,NZL,Glass (inorganic),2,,,,
2025,OMN,Glass (inorganic),3,,,,
2025,PAK,Glass (inorganic),2,,,,
2025,PAN,Glass (inorganic),3,,,,
2025,PER,Glass (inorganic),3,,,,
2025,PHL,Glass (inorganic),2,,,,
2025,PLW,Glass (inorganic),6,,,,
2025,PNG,Glass (inorganic),5,,,,
2025,POL,Glass (inorganic),10,,,,
2025,PRI,Glass (inorganic),2,,,,
2025,PRT,Glass (inorganic),7,,,,
2025,PSE,Glass (inorganic),2,,,,
2025,PYF,Glass (inorganic),3,,,,
2025,QAT,Glass (inorganic),4,,,,
2025,ROU,Glass (inorganic),6,,,,
2025,RUS,Glass (inorganic),12,,,,
2025,SAU,Glass (inorganic),3,,,,
2025,SDN,Glass (inorganic),5,,,,
2025,SEN,Glass (inorganic),2,,,,
2025,SGP,Glass (inorganic),1,,,,
2025,SLB,Glass (inorganic),3,,,,
2025,SLV,Glass (inorganic),2,,,,
2025,SRB,Glass (inorganic),4,,,,
2025,STP,Glass (inorganic),5,,,,
2025,SUR,Glass (inorganic),6,,,,
2025,SVK,Glass (inorganic),10,,,,
2025,SVN,Glass (inorganic),5,,,,
2025,SWE,Glass (inorganic),6,,,,
2025,SXM,Glass (inorganic),12,,,,
2025,SYC,Glass (inorganic),4,,,,
2025,SYR,Glass (inorganic),3,,,,
2025,TCA,Glass (inorganic),21,,,,
2025,TCD,Glass (inorganic),1,,,,
2025,TGO,Glass (inorganic),2,,,,
2025,THA,Glass (inorganic),3,,,,
2025,TKM,Glass (inorganic),5,,,,
2025,TLS,Glass (inorganic),4,,,,
2025,TON,Glass (inorganic),3,,,,
2025,TTO,Glass (inorganic),2,,,,
2025,TUN,Glass (inorganic),1,,,,
2025,TUR,Glass (inorganic),3,,,,
2025,TUV,Glass (inorganic),7,,,,
2025,TWN,Glass (inorganic),1,,,,
2025,TZA,Glass (inorganic),4,,,,
2025,UGA,Glass (inorganic),1,,,,
2025,UKR,Glass (inorganic),9,,,,
2025,URY,Glass (inorganic),3,,,,
2025,USA,Glass (inorganic),4,,,,
2025,UZB,Glass (inorganic),5,,,,
2025,VCT,Glass (inorganic),5,,,,
2025,VEN,Glass (inorganic),5,,,,
2025,VGB,Glass (inorganic),17,,,,
2025,VIR,Glass (inorganic),9,,,,
2025,VNM,Glass (inorganic),3,,,,
2025,VUT,Glass (inorganic),3,,,,
2025,WSM,Glass (inorganic),2,,,,
2025,XKX,Glass (inorganic),7,,,,
2025,YEM,Glass (inorganic),1,,,,
2025,ZAF,Glass (inorganic),12,,,,
2025,ZMB,Glass (inorganic),4,,,,
2025,ZWE,Glass (inorganic),4,,,,
2019,AGO,Metal (inorganic),4,,,,
2019,ALB,Metal (inorganic),5,,,,
2019,AND,Metal (inorganic),3,,,,
2019,ARG,Metal (inorganic),2,,,,
2019,ARM,Metal (inorganic),3,,,,
2019,ASM,Metal (inorganic),8,,,,
2019,ATG,Metal (inorganic),7,,,,
2019,AUS,Metal (inorganic),19,,,,
2019,AUT,Metal (inorganic),4,,,,
2019,AZE,Metal (inorganic),4,,,,
2019,BDI,Metal (inorganic),2,,,,
2019,BEL,Metal (inorganic),2,,,,
2019,BEN,Metal (inorganic),2,,,,
2019,BFA,Metal (inorganic),1,,,,
2019,BGD,Metal (inorganic),1,,,,
2019,BGR,Metal (inorganic),2,,,,
2019,BHR,Metal (inorganic),2,,,,
2019,BHS,Metal (inorganic),7,,,,
2019,BLR,Metal (inorganic),2,,,,
2019,BLZ,Metal (inorganic),5,,,,
2019,BMU,Metal (inorganic),6,,,,
2019,BOL,Metal (inorganic),3,,,,
2019,BRA,Metal (inorganic),3,,,,
2019,BRB,Metal (inorganic),5,,,,
2019,BRN,Metal (inorganic),4,,,,
2019,BTN,Metal (inorganic),1,,,,
2019,BWA,Metal (inorganic),0,,,,
2019,CAN,Metal (inorganic),13,,,,
2019,CHE,Metal (inorganic),3,,,,
2019,CHL,Metal (inorganic),2,,,,
2019,CHN,Metal (inorganic),1,,,,
2019,CMR,Metal (inorganic),1,,,,
2019,COL,Metal (inorganic),1,,,,
2019,COM,Metal (inorganic),4,,,,
2019,CRI,Metal (inorganic),2,,,,
2019,CUB,Metal (inorganic),2,,,,
2019,CYM,Metal (inorganic),6,,,,
2019,CYP,Metal (inorganic),3,,,,
2019,CZE,Metal (inorganic),8,,,,
2019,DEU,Metal (inorganic),1,,,,
2019,DMA,Metal (inorganic),5,,,,
2019,DNK,Metal (inorganic),6,,,,
2019,DOM,Metal (inorganic),3,,,,
2019,DZA,Metal (inorganic),3,,,,
2019,ECU,Metal (inorganic),2,,,,
2019,EGY,Metal (inorganic),2,,,,
2019,ESP,Metal (inorganic),3,,,,
2019,EST,Metal (inorganic),3,,,,
2019,ETH,Metal (inorganic),1,,,,
2019,FIN,Metal (inorganic),2,,,,
2019,FJI,Metal (inorganic),2,,,,
2019,FRA,Metal (inorganic),3,,,,
2019,FSM,Metal (inorganic),17,,,,
2019,GBR,Metal (inorganic),4,,,,
2019,GEO,Metal (inorganic),5,,,,
2019,GHA,Metal (inorganic),1,,,,
2019,GIB,Metal (inorganic),4,,,,
2019,GIN,Metal (inorganic),1,,,,
2019,GMB,Metal (inorganic),2,,,,
2019,GRC,Metal (inorganic),3,,,,
2019,GRD,Metal (inorganic),2,,,,
2019,GRL,Metal (inorganic),2,,,,
2019,GUM,Metal (inorganic),9,,,,
2019,GUY,Metal (inorganic),4,,,,
2019,HKG,Metal (inorganic),2,,,,
2019,HND,Metal (inorganic),2,,,,
2019,HRV,Metal (inorganic),2,,,,
2019,HTI,Metal (inorganic),3,,,,
2019,HUN,Metal (inorganic),2,,,,
2019,IDN,Metal (inorganic),2,,,,
2019,IRL,Metal (inorganic),4,,,,
2019,IRN,Metal (inorganic),2,,,,
2019,IRQ,Metal (inorganic),1,,,,
2019,ISR,Metal (inorganic),3,,,,
2019,ITA,Metal (inorganic),4,,,,
2019,JAM,Metal (inorganic),2,,,,
2019,JOR,Metal (inorganic),2,,,,
2019,JPN,Metal (inorganic),4,,,,
2019,KAZ,Metal (inorganic),3,,,,
2019,KEN,Metal (inorganic),1,,,,
2019,KHM,Metal (inorganic),2,,,,
2019,KIR,Metal (inorganic),10,,,,
2019,KOR,Metal (inorganic),3,,,,
2019,KWT,Metal (inorganic),2,,,,
2019,LAO,Metal (inorganic),4,,,,
2019,LBN,Metal (inorganic),6,,,,
2019,LBY,Metal (inorganic),4,,,,
2019,LCA,Metal (inorganic),5,,,,
2019,LIE,Metal (inorganic),13,,,,
2019,LKA,Metal (inorganic),3,,,,
2019,LTU,Metal (inorganic),3,,,,
2019,LUX,Metal (inorganic),2,,,,
2019,LVA,Metal (inorganic),3,,,,
2019,MAC,Metal (inorganic),2,,,,
2019,MAR,Metal (inorganic),3,,,,
2019,MCO,Metal (inorganic),2,,,,
2019,MDA,Metal (inorganic),3,,,,
2019,MDV,Metal (inorganic),1,,,,
2019,MEX,Metal (inorganic),3,,,,
2019,MHL,Metal (inorganic),6,,,,
2019,MKD,Metal (inorganic),3,,,,
2019,MLI,Metal (inorganic),4,,,,
2019,MLT,Metal (inorganic),4,,,,
2019,MNE,Metal (inorganic),3,,,,
2019,MNP,Metal (inorganic),10,,,,
2019,MRT,Metal (inorganic),4,,,,
2019,MYS,Metal (inorganic),3,,,,
2019,NCL,Metal (inorganic),10,,,,
2019,NER,Metal (inorganic),1,,,,
2019,NLD,Metal (inorganic),4,,,,
2019,NOR,Metal (inorganic),6,,,,
2019,NPL,Metal (inorganic),2,,,,
2019,NRU,Metal (inorganic),10,,,,
2019,NZL,Metal (inorganic),5,,,,
2019,PAN,Metal (inorganic),4,,,,
2019,PHL,Metal (inorganic),4,,,,
2019,PLW,Metal (inorganic),10,,,,
2019,POL,Metal (inorganic),2,,,,
2019,PRT,Metal (inorganic),2,,,,
2019,PSE,Metal (inorganic),3,,,,
2019,PYF,Metal (inorganic),3,,,,
2019,QAT,Metal (inorganic),9,,,,
2019,ROU,Metal (inorganic),3,,,,
2019,RUS,Metal (inorganic),2,,,,
2019,SAU,Metal (inorganic),5,,,,
2019,SDN,Metal (inorganic),2,,,,
2019,SEN,Metal (inorganic),2,,,,
2019,SLB,Metal (inorganic),13,,,,
2019,SLV,Metal (inorganic),2,,,,
2019,SMR,Metal (inorganic),1,,,,
2019,SRB,Metal (inorganic),1,,,,
2019,SUR,Metal (inorganic),3,,,,
2019,SVK,Metal (inorganic),2,,,,
2019,SWE,Metal (inorganic),9,,,,
2019,SXM,Metal (inorganic),7,,,,
2019,SYC,Metal (inorganic),5,,,,
2019,SYR,Metal (inorganic),4,,,,
2019,TCA,Metal (inorganic),8,,,,
2019,TCD,Metal (inorganic),2,,,,
2019,TGO,Metal (inorganic),4,,,,
2019,THA,Metal (inorganic),2,,,,
2019,TKM,Metal (inorganic),11,,,,
2019,TLS,Metal (inorganic),10,,,,
2019,TON,Metal (inorganic),9,,,,
2019,TTO,Metal (inorganic),4,,,,
2019,TUN,Metal (inorganic),4,,,,
2019,TUR,Metal (inorganic),1,,,,
2019,TUV,Metal (inorganic),10,,,,
2019,TWN,Metal (inorganic),3,,,,
2019,UGA,Metal (inorganic),1,,,,
2019,UKR,Metal (inorganic),4,,,,
2019,URY,Metal (inorganic),5,,,,
2019,USA,Metal (inorganic),9,,,,
2019,UZB,Metal (inorganic),2,,,,
2019,VCT,Metal (inorganic),4,,,,
2019,VGB,Metal (inorganic),9,,,,
2019,VIR,Metal (inorganic),7,,,,
2019,VNM,Metal (inorganic),1,,,,
2019,VUT,Metal (inorganic),4,,,,
2019,WSM,Metal (inorganic),9,,,,
2019,XKX,Metal (inorganic),6,,,,
2019,YEM,Metal (inorganic),6,,,,
2019,ZAF,Metal (inorganic),17,,,,
2019,ZWE,Metal (inorganic),6,,,,
2025,AFG,Metal (inorganic),0,,,,
2025,AGO,Metal (inorganic),4,,,,
2025,ALB,Metal (inorganic),2,,,,
2025,ARE,Metal (inorganic),3,,,,
2025,ARG,Metal (inorganic),2,,,,
2025,ARM,Metal (inorganic),2,,,,
2025,ASM,Metal (inorganic),8,,,,
2025,ATG,Metal (inorganic),8,,,,
2025,AUS,Metal (inorganic),10,,,,
2025,AZE,Metal (inorganic),3,,,,
2025,BDI,Metal (inorganic),5,,,,
2025,BEL,Metal (inorganic),2,,,,
2025,BEN,Metal (inorganic),2,,,,
2025,BFA,Metal (inorganic),1,,,,
2025,BGD,Metal (inorganic),9,,,,
2025,BGR,Metal (inorganic),3,,,,
2025,BHR,Metal (inorganic),2,,,,
2025,BLZ,Metal (inorganic),3,,,,
2025,BMU,Metal (inorganic),5,,,,
2025,BOL,Metal (inorganic),2,,,,
2025,BRA,Metal (inorganic),2,,,,
2025,BRB,Metal (inorganic),5,,,,
2025,BTN,Metal (inorganic),4,,,,
2025,BWA,Metal (inorganic),0,,,,
2025,CAN,Metal (inorganic),3,,,,
2025,CHE,Metal (inorganic),2,,,,
2025,CHL,Metal (inorganic),2,,,,
2025,CHN,Metal (inorganic),1,,,,
2025,CMR,Metal (inorganic),1,,,,
2025,COL,Metal (inorganic),1,,,,
2025,COM,Metal (inorganic),4,,,,
2025,CPV,Metal (inorganic),4,,,,
2025,CRI,Metal (inorganic),1,,,,
2025,CUB,Metal (inorganic),2,,,,
2025,CUW,Metal (inorganic),4,,,,
2025,CYP,Metal (inorganic),3,,,,
2025,CZE,Metal (inorganic),9,,,,
2025,DEU,Metal (inorganic),2,,,,
2025,DNK,Metal (inorganic),5,,,,
2025,DOM,Metal (inorganic),4,,,,
2025,DZA,Metal (inorganic),2,,,,
2025,ECU,Metal (inorganic),2,,,,
2025,EGY,Metal (inorganic),2,,,,
2025,ESP,Metal (inorganic),3,,,,
2025,EST,Metal (inorganic),2,,,,
2025,FIN,Metal (inorganic),3,,,,
2025,FJI,Metal (inorganic),4,,,,
2025,FRA,Metal (inorganic),3,,,,
2025,FSM,Metal (inorganic),15,,,,
2025,GBR,Metal (inorganic),4,,,,
2025,GEO,Metal (inorganic),2,,,,
2025,GIB,Metal (inorganic),4,,,,
2025,GIN,Metal (inorganic),1,,,,
2025,GRC,Metal (inorganic),4,,,,
2025,GRD,Metal (inorganic),2,,,,
2025,GTM,Metal (inorganic),2,,,,
2025,GUM,Metal (inorganic),9,,,,
2025,GUY,Metal (inorganic),4,,,,
2025,HKG,Metal (inorganic),19,,,,
2025,HND,Metal (inorganic),2,,,,
2025,HRV,Metal (inorganic),2,,,,
2025,HTI,Metal (inorganic),3,,,,
2025,HUN,Metal (inorganic),3,,,,
2025,IDN,Metal (inorganic),3,,,,
2025,IND,Metal (inorganic),1,,,,
2025,IRL,Metal (inorganic),4,,,,
2025,IRN,Metal (inorganic),3,,,,
2025,IRQ,Metal (inorganic),1,,,,
2025,ITA,Metal (inorganic),2,,,,
2025,JAM,Metal (inorganic),2,,,,
2025,JOR,Metal (inorganic),4,,,,
2025,JPN,Metal (inorganic),4,,,,
2025,KAZ,Metal (inorganic),3,,,,
2025,KGZ,Metal (inorganic),1,,,,
2025,KHM,Metal (inorganic),7,,,,
2025,KIR,Metal (inorganic),10,,,,
2025,KNA,Metal (inorganic),9,,,,
2025,KOR,Metal (inorganic),2,,,,
2025,KWT,Metal (inorganic),2,,,,
2025,LBN,Metal (inorganic),2,,,,
2025,LBY,Metal (inorganic),4,,,,
2025,LCA,Metal (inorganic),3,,,,
2025,LIE,Metal (inorganic),27,,,,
2025,LTU,Metal (inorganic),2,,,,
2025,LUX,Metal (inorganic),2,,,,
2025,LVA,Metal (inorganic),3,,,,
2025,MAC,Metal (inorganic),4,,,,
2025,MAF,Metal (inorganic),4,,,,
2025,MAR,Metal (inorganic),4,,,,
2025,MDA,Metal (inorganic),2,,,,
2025,MDG,Metal (inorganic),1,,,,
2025,MDV,Metal (inorganic),3,,,,
2025,MEX,Metal (inorganic),2,,,,
2025,MHL,Metal (inorganic),11,,,,
2025,MKD,Metal (inorganic),3,,,,
2025,MLI,Metal (inorganic),4,,,,
2025,MLT,Metal (inorganic),4,,,,
2025,MMR,Metal (inorganic),1,,,,
2025,MNE,Metal (inorganic),3,,,,
2025,MNG,Metal (inorganic),3,,,,
2025,MNP,Metal (inorganic),6,,,,
2025,MUS,Metal (inorganic),4,,,,
2025,MWI,Metal (inorganic),1,,,,
2025,MYS,Metal (inorganic),2,,,,
2025,NGA,Metal (inorganic),5,,,,
2025,NLD,Metal (inorganic),4,,,,
2025,NOR,Metal (inorganic),6,,,,
2025,NPL,Metal (inorganic),2,,,,
2025,NRU,Metal (inorganic),8,,,,
2025,NZL,Metal (inorganic),4,,,,
2025,OMN,Metal (inorganic),4,,,,
2025,PAK,Metal (inorganic),1,,,,
2025,PAN,Metal (inorganic),5,,,,
2025,PER,Metal (inorganic),4,,,,
2025,PHL,Metal (inorganic),4,,,,
2025,PLW,Metal (inorganic),5,,,,
2025,PNG,Metal (inorganic),11,,,,
2025,POL,Metal (inorganic),3,,,,
2025,PRI,Metal (inorganic),10,,,,
2025,PRT,Metal (inorganic),1,,,,
2025,PSE,Metal (inorganic),2,,,,
2025,PYF,Metal (inorganic),3,,,,
2025,QAT,Metal (inorganic),9,,,,
2025,ROU,Metal (inorganic),4,,,,
2025,RUS,Metal (inorganic),4,,,,
2025,SAU,Metal (inorganic),4,,,,
2025,SDN,Metal (inorganic),3,,,,
2025,SEN,Metal (inorganic),2,,,,
2025,SGP,Metal (inorganic),19,,,,
2025,SLB,Metal (inorganic),13,,,,
2025,SLV,Metal (inorganic),1,,,,
2025,SRB,Metal (inorganic),5,,,,
2025,STP,Metal (inorganic),2,,,,
2025,SUR,Metal (inorganic),3,,,,
2025,SVK,Metal (inorganic),3,,,,
2025,SVN,Metal (inorganic),6,,,,
2025,SWE,Metal (inorganic),4,,,,
2025,SXM,Metal (inorganic),10,,,,
2025,SYC,Metal (inorganic),5,,,,
2025,SYR,Metal (inorganic),4,,,,
2025,TCA,Metal (inorganic),8,,,,
2025,TCD,Metal (inorganic),2,,,,
2025,TGO,Metal (inorganic),4,,,,
2025,THA,Metal (inorganic),2,,,,
2025,TKM,Metal (inorganic),11,,,,
2025,TLS,Metal (inorganic),5,,,,
2025,TON,Metal (inorganic),5,,,,
2025,TTO,Metal (inorganic),2,,,,
2025,TUN,Metal (inorganic),2,,,,
2025,TUR,Metal (inorganic),1,,,,
2025,TUV,Metal (inorganic),12,,,,
2025,TWN,Metal (inorganic),1,,,,
2025,TZA,Metal (inorganic),1,,,,
2025,UGA,Metal (inorganic),3,,,,
2025,UKR,Metal (inorganic),2,,,,
2025,URY,Metal (inorganic),4,,,,
2025,USA,Metal (inorganic),9,,,,
2025,UZB,Metal (inorganic),2,,,,
2025,VCT,Metal (inorganic),5,,,,
2025,VEN,Metal (inorganic),5,,,,
2025,VGB,Metal (inorganic),5,,,,
2025,VIR,Metal (inorganic),5,,,,
2025,VNM,Metal (inorganic),6,,,,
2025,VUT,Metal (inorganic),12,,,,
2025,WSM,Metal (inorganic),3,,,,
2025,XKX,Metal (inorganic),6,,,,
2025,YEM,Metal (inorganic),6,,,,
2025,ZAF,Metal (inorganic),18,,,,
2025,ZMB,Metal (inorganic),9,,,,
2025,ZWE,Metal (inorganic),5,,,,
2019,AGO,Other,12,,,,
2019,ALB,Other,15,,,,
2019,AND,Other,12,,,,
2019,ARG,Other,15,,,,
2019,ARM,Other,17,,,,
2019,ASM,Other,26,,,,
2019,ATG,Other,12,,,,
2019,AUS,Other,4,,,,
2019,AUT,Other,19,,,,
2019,AZE,Other,14,,,,
2019,BDI,Other,3,,,,
2019,BEL,Other,40,,,,
2019,BEN,Other,34,,,,
2019,BFA,Other,61,,,,
2019,BGD,Other,9,,,,
2019,BGR,Other,18,,,,
2019,BHR,Other,15,,,,
2019,BHS,Other,12,,,,
2019,BIH,Other,93,,,,
2019,BLR,Other,35,,,,
2019,BLZ,Other,5,,,,
2019,BMU,Other,26,,,,
2019,BOL,Other,23,,,,
2019,BRA,Other,17,,,,
2019,BRB,Other,6,,,,
2019,BRN,Other,15,,,,
2019,BTN,Other,7,,,,
2019,BWA,Other,92,,,,
2019,CAN,Other,8,,,,
2019,CHE,Other,29,,,,
2019,CHL,Other,16,,,,
2019,CHN,Other,13,,,,
2019,CMR,Other,10,,,,
2019,COL,Other,16,,,,
2019,COM,Other,22,,,,
2019,CRI,Other,7,,,,
2019,CUB,Other,3,,,,
2019,CYM,Other,11,,,,
2019,CYP,Other,10,,,,
2019,CZE,Other,15,,,,
2019,DEU,Other,18,,,,
2019,DMA,Other,14,,,,
2019,DNK,Other,24,,,,
2019,DOM,Other,10,,,,
2019,DZA,Other,1,,,,
2019,ECU,Other,14,,,,
2019,EGY,Other,15,,,,
2019,ESP,Other,14,,,,
2019,EST,Other,16,,,,
2019,ETH,Other,4,,,,
2019,FIN,Other,13,,,,
2019,FJI,Other,4,,,,
2019,FRA,Other,26,,,,
2019,FSM,Other,9,,,,
2019,GBR,Other,28,,,,
2019,GEO,Other,16,,,,
2019,GHA,Other,25,,,,
2019,GIB,Other,14,,,,
2019,GIN,Other,27,,,,
2019,GMB,Other,51,,,,
2019,GRC,Other,9,,,,
2019,GRD,Other,37,,,,
2019,GRL,Other,33,,,,
2019,GTM,Other,18,,,,
2019,GUM,Other,9,,,,
2019,GUY,Other,12,,,,
2019,HKG,Other,14,,,,
2019,HND,Other,7,,,,
2019,HRV,Other,12,,,,
2019,HTI,Other,17,,,,
2019,HUN,Other,46,,,,
2019,IDN,Other,13,,,,
2019,IRL,Other,26,,,,
2019,IRN,Other,5,,,,
2019,IRQ,Other,6,,,,
2019,ISR,Other,16,,,,
2019,ITA,Other,15,,,,
2019,JAM,Other,5,,,,
2019,JOR,Other,16,,,,
2019,JPN,Other,6,,,,
2019,KAZ,Other,7,,,,
2019,KEN,Other,9,,,,
2019,KHM,Other,10,,,,
2019,KIR,Other,9,,,,
2019,KWT,Other,8,,,,
2019,LAO,Other,20,,,,
2019,LBN,Other,11,,,,
2019,LBY,Other,4,,,,
2019,LCA,Other,11,,,,
2019,LIE,Other,9,,,,
2019,LKA,Other,13,,,,
2019,LTU,Other,44,,,,
2019,LUX,Other,27,,,,
2019,LVA,Other,10,,,,
2019,MAC,Other,3,,,,
2019,MAR,Other,6,,,,
2019,MDA,Other,23,,,,
2019,MDV,Other,1,,,,
2019,MEX,Other,12,,,,
2019,MHL,Other,31,,,,
2019,MKD,Other,20,,,,
2019,MLI,Other,73,,,,
2019,MLT,Other,10,,,,
2019,MNE,Other,20,,,,
2019,MNG,Other,50,,,,
2019,MNP,Other,9,,,,
2019,MOZ,Other,15,,,,
2019,MRT,Other,60,,,,
2019,MUS,Other,8,,,,
2019,MYS,Other,9,,,,
2019,NCL,Other,9,,,,
2019,NER,Other,57,,,,
2019,NGA,Other,11,,,,
2019,NLD,Other,20,,,,
2019,NOR,Other,13,,,,
2019,NPL,Other,7,,,,
2019,NRU,Other,9,,,,
2019,NZL,Other,37,,,,
2019,OMN,Other,24,,,,
2019,PAN,Other,6,,,,
2019,PHL,Other,22,,,,
2019,PLW,Other,9,,,,
2019,PNG,Other,42,,,,
2019,POL,Other,27,,,,
2019,PRT,Other,28,,,,
2019,PSE,Other,12,,,,
2019,PYF,Other,29,,,,
2019,QAT,Other,5,,,,
2019,ROU,Other,11,,,,
2019,RUS,Other,19,,,,
2019,SAU,Other,3,,,,
2019,SDN,Other,19,,,,
2019,SEN,Other,68,,,,
2019,SLB,Other,4,,,,
2019,SLV,Other,7,,,,
2019,SMR,Other,66,,,,
2019,SRB,Other,17,,,,
2019,SUR,Other,24,,,,
2019,SVK,Other,1,,,,
2019,SXM,Other,12,,,,
2019,SYC,Other,26,,,,
2019,SYR,Other,22,,,,
2019,TCA,Other,2,,,,
2019,TCD,Other,18,,,,
2019,TGO,Other,42,,,,
2019,THA,Other,5,,,,
2019,TKM,Other,63,,,,
2019,TLS,Other,9,,,,
2019,TON,Other,9,,,,
2019,TTO,Other,17,,,,
2019,TUN,Other,5,,,,
2019,TUR,Other,24,,,,
2019,TUV,Other,9,,,,
2019,TWN,Other,14,,,,
2019,UGA,Other,11,,,,
2019,UKR,Other,22,,,,
2019,URY,Other,8,,,,
2019,USA,Other,3,,,,
2019,UZB,Other,18,,,,
2019,VCT,Other,11,,,,
2019,VGB,Other,5,,,,
2019,VIR,Other,12,,,,
2019,VNM,Other,15,,,,
2019,VUT,Other,6,,,,
2019,WSM,Other,19,,,,
2019,XKX,Other,20,,,,
2019,YEM,Other,6,,,,
2019,ZAF,Other,45,,,,
2019,ZWE,Other,3,,,,
2019,AGO,Paper cardboard (inorganic),12,,,,
2019,ALB,Paper cardboard (inorganic),10,,,,
2019,AND,Paper cardboard (inorganic),35,,,,
2019,ARG,Paper cardboard (inorganic),14,,,,
2019,ARM,Paper cardboard (inorganic),7,,,,
2019,ASM,Paper cardboard (inorganic),26,,,,
2019,ATG,Paper cardboard (inorganic),15,,,,
2019,AUS,Paper cardboard (inorganic),17,,,,
2019,AUT,Paper cardboard (inorganic),20,,,,
2019,AZE,Paper cardboard (inorganic),11,,,,
2019,BDI,Paper cardboard (inorganic),7,,,,
2019,BEL,Paper cardboard (inorganic),18,,,,
2019,BEN,Paper cardboard (inorganic),3,,,,
2019,BFA,Paper cardboard (inorganic),7,,,,
2019,BGD,Paper cardboard (inorganic),3,,,,
2019,BGR,Paper cardboard (inorganic),14,,,,
2019,BHR,Paper cardboard (inorganic),13,,,,
2019,BHS,Paper cardboard (inorganic),15,,,,
2019,BIH,Paper cardboard (inorganic),5,,,,
2019,BLR,Paper cardboard (inorganic),5,,,,
2019,BLZ,Paper cardboard (inorganic),16,,,,
2019,BMU,Paper cardboard (inorganic),29,,,,
2019,BOL,Paper cardboard (inorganic),7,,,,
2019,BRA,Paper cardboard (inorganic),13,,,,
2019,BRB,Paper cardboard (inorganic),20,,,,
2019,BRN,Paper cardboard (inorganic),18,,,,
2019,BTN,Paper cardboard (inorganic),17,,,,
2019,CAN,Paper cardboard (inorganic),47,,,,
2019,CHE,Paper cardboard (inorganic),20,,,,
2019,CHL,Paper cardboard (inorganic),12,,,,
2019,CHN,Paper cardboard (inorganic),10,,,,
2019,CMR,Paper cardboard (inorganic),2,,,,
2019,COL,Paper cardboard (inorganic),8,,,,
2019,COM,Paper cardboard (inorganic),7,,,,
2019,CRI,Paper cardboard (inorganic),21,,,,
2019,CUB,Paper cardboard (inorganic),12,,,,
2019,CYM,Paper cardboard (inorganic),31,,,,
2019,CYP,Paper cardboard (inorganic),26,,,,
2019,CZE,Paper cardboard (inorganic),9,,,,
2019,DEU,Paper cardboard (inorganic),24,,,,
2019,DMA,Paper cardboard (inorganic),12,,,,
2019,DNK,Paper cardboard (inorganic),12,,,,
2019,DOM,Paper cardboard (inorganic),16,,,,
2019,DZA,Paper cardboard (inorganic),10,,,,
2019,ECU,Paper cardboard (inorganic),10,,,,
2019,EGY,Paper cardboard (inorganic),10,,,,
2019,ESP,Paper cardboard (inorganic),15,,,,
2019,EST,Paper cardboard (inorganic),18,,,,
2019,ETH,Paper cardboard (inorganic),4,,,,
2019,FIN,Paper cardboard (inorganic),38,,,,
2019,FJI,Paper cardboard (inorganic),13,,,,
2019,FRA,Paper cardboard (inorganic),20,,,,
2019,FSM,Paper cardboard (inorganic),13,,,,
2019,GBR,Paper cardboard (inorganic),19,,,,
2019,GEO,Paper cardboard (inorganic),34,,,,
2019,GHA,Paper cardboard (inorganic),3,,,,
2019,GIB,Paper cardboard (inorganic),34,,,,
2019,GIN,Paper cardboard (inorganic),9,,,,
2019,GMB,Paper cardboard (inorganic),10,,,,
2019,GRC,Paper cardboard (inorganic),29,,,,
2019,GRD,Paper cardboard (inorganic),14,,,,
2019,GRL,Paper cardboard (inorganic),11,,,,
2019,GTM,Paper cardboard (inorganic),16,,,,
2019,GUM,Paper cardboard (inorganic),29,,,,
2019,GUY,Paper cardboard (inorganic),11,,,,
2019,HKG,Paper cardboard (inorganic),22,,,,
2019,HND,Paper cardboard (inorganic),17,,,,
2019,HRV,Paper cardboard (inorganic),23,,,,
2019,HTI,Paper cardboard (inorganic),4,,,,
2019,HUN,Paper cardboard (inorganic),13,,,,
2019,IDN,Paper cardboard (inorganic),15,,,,
2019,IRL,Paper cardboard (inorganic),25,,,,
2019,IRN,Paper cardboard (inorganic),7,,,,
2019,IRQ,Paper cardboard (inorganic),10,,,,
2019,ISL,Paper cardboard (inorganic),38,,,,
2019,ISR,Paper cardboard (inorganic),24,,,,
2019,ITA,Paper cardboard (inorganic),23,,,,
2019,JAM,Paper cardboard (inorganic),15,,,,
2019,JOR,Paper cardboard (inorganic),15,,,,
2019,JPN,Paper cardboard (inorganic),33,,,,
2019,KAZ,Paper cardboard (inorganic),25,,,,
2019,KEN,Paper cardboard (inorganic),11,,,,
2019,KHM,Paper cardboard (inorganic),4,,,,
2019,KIR,Paper cardboard (inorganic),11,,,,
2019,KOR,Paper cardboard (inorganic),41,,,,
2019,KWT,Paper cardboard (inorganic),20,,,,
2019,LAO,Paper cardboard (inorganic),3,,,,
2019,LBN,Paper cardboard (inorganic),16,,,,
2019,LBY,Paper cardboard (inorganic),6,,,,
2019,LCA,Paper cardboard (inorganic),10,,,,
2019,LIE,Paper cardboard (inorganic),30,,,,
2019,LKA,Paper cardboard (inorganic),7,,,,
2019,LTU,Paper cardboard (inorganic),10,,,,
2019,LUX,Paper cardboard (inorganic),19,,,,
2019,LVA,Paper cardboard (inorganic),6,,,,
2019,MAC,Paper cardboard (inorganic),59,,,,
2019,MAR,Paper cardboard (inorganic),9,,,,
2019,MCO,Paper cardboard (inorganic),2,,,,
2019,MDA,Paper cardboard (inorganic),5,,,,
2019,MDV,Paper cardboard (inorganic),6,,,,
2019,MEX,Paper cardboard (inorganic),14,,,,
2019,MHL,Paper cardboard (inorganic),11,,,,
2019,MKD,Paper cardboard (inorganic),13,,,,
2019,MLI,Paper cardboard (inorganic),4,,,,
2019,MLT,Paper cardboard (inorganic),18,,,,
2019,MNE,Paper cardboard (inorganic),14,,,,
2019,MNG,Paper cardboard (inorganic),13,,,,
2019,MNP,Paper cardboard (inorganic),11,,,,
2019,MOZ,Paper cardboard (inorganic),25,,,,
2019,MRT,Paper cardboard (inorganic),7,,,,
2019,MUS,Paper cardboard (inorganic),13,,,,
2019,MYS,Paper cardboard (inorganic),14,,,,
2019,NCL,Paper cardboard (inorganic),11,,,,
2019,NER,Paper cardboard (inorganic),2,,,,
2019,NGA,Paper cardboard (inorganic),8,,,,
2019,NLD,Paper cardboard (inorganic),21,,,,
2019,NOR,Paper cardboard (inorganic),27,,,,
2019,NPL,Paper cardboard (inorganic),18,,,,
2019,NRU,Paper cardboard (inorganic),11,,,,
2019,NZL,Paper cardboard (inorganic),7,,,,
2019,OMN,Paper cardboard (inorganic),15,,,,
2019,PAN,Paper cardboard (inorganic),26,,,,
2019,PHL,Paper cardboard (inorganic),9,,,,
2019,PLW,Paper cardboard (inorganic),15,,,,
2019,PNG,Paper cardboard (inorganic),17,,,,
2019,POL,Paper cardboard (inorganic),11,,,,
2019,PRT,Paper cardboard (inorganic),14,,,,
2019,PSE,Paper cardboard (inorganic),10,,,,
2019,PYF,Paper cardboard (inorganic),16,,,,
2019,QAT,Paper cardboard (inorganic),11,,,,
2019,ROU,Paper cardboard (inorganic),11,,,,
2019,RUS,Paper cardboard (inorganic),20,,,,
2019,SAU,Paper cardboard (inorganic),27,,,,
2019,SDN,Paper cardboard (inorganic),12,,,,
2019,SEN,Paper cardboard (inorganic),5,,,,
2019,SLB,Paper cardboard (inorganic),7,,,,
2019,SLV,Paper cardboard (inorganic),12,,,,
2019,SMR,Paper cardboard (inorganic),13,,,,
2019,SRB,Paper cardboard (inorganic),14,,,,
2019,SVK,Paper cardboard (inorganic),25,,,,
2019,SWE,Paper cardboard (inorganic),36,,,,
2019,SXM,Paper cardboard (inorganic),15,,,,
2019,SYC,Paper cardboard (inorganic),6,,,,
2019,SYR,Paper cardboard (inorganic),7,,,,
2019,TCA,Paper cardboard (inorganic),32,,,,
2019,TCD,Paper cardboard (inorganic),3,,,,
2019,TGO,Paper cardboard (inorganic),4,,,,
2019,THA,Paper cardboard (inorganic),8,,,,
2019,TLS,Paper cardboard (inorganic),11,,,,
2019,TON,Paper cardboard (inorganic),7,,,,
2019,TTO,Paper cardboard (inorganic),23,,,,
2019,TUN,Paper cardboard (inorganic),10,,,,
2019,TUR,Paper cardboard (inorganic),6,,,,
2019,TUV,Paper cardboard (inorganic),11,,,,
2019,TWN,Paper cardboard (inorganic),30,,,,
2019,UGA,Paper cardboard (inorganic),6,,,,
2019,UKR,Paper cardboard (inorganic),25,,,,
2019,URY,Paper cardboard (inorganic),20,,,,
2019,USA,Paper cardboard (inorganic),27,,,,
2019,UZB,Paper cardboard (inorganic),18,,,,
2019,VCT,Paper cardboard (inorganic),22,,,,
2019,VGB,Paper cardboard (inorganic),34,,,,
2019,VIR,Paper cardboard (inorganic),15,,,,
2019,VNM,Paper cardboard (inorganic),5,,,,
2019,VUT,Paper cardboard (inorganic),4,,,,
2019,WSM,Paper cardboard (inorganic),7,,,,
2019,XKX,Paper cardboard (inorganic),8,,,,
2019,YEM,Paper cardboard (inorganic),7,,,,
2019,ZAF,Paper cardboard (inorganic),9,,,,
2019,ZWE,Paper cardboard (inorganic),27,,,,
2025,AFG,Paper cardboard (inorganic),5,,,,
2025,AGO,Paper cardboard (inorganic),12,,,,
2025,ALB,Paper cardboard (inorganic),9,,,,
2025,AND,Paper cardboard (inorganic),25,,,,
2025,ARE,Paper cardboard (inorganic),26,,,,
2025,ARG,Paper cardboard (inorganic),14,,,,
2025,ARM,Paper cardboard (inorganic),6,,,,
2025,ASM,Paper cardboard (inorganic),26,,,,
2025,ATG,Paper cardboard (inorganic),19,,,,
2025,AUS,Paper cardboard (inorganic),4,,,,
2025,AZE,Paper cardboard (inorganic),15,,,,
2025,BDI,Paper cardboard (inorganic),6,,,,
2025,BEL,Paper cardboard (inorganic),15,,,,
2025,BEN,Paper cardboard (inorganic),3,,,,
2025,BFA,Paper cardboard (inorganic),8,,,,
2025,BGD,Paper cardboard (inorganic),18,,,,
2025,BGR,Paper cardboard (inorganic),9,,,,
2025,BHR,Paper cardboard (inorganic),7,,,,
2025,BLZ,Paper cardboard (inorganic),8,,,,
2025,BMU,Paper cardboard (inorganic),27,,,,
2025,BOL,Paper cardboard (inorganic),5,,,,
2025,BRA,Paper cardboard (inorganic),10,,,,
2025,BRB,Paper cardboard (inorganic),19,,,,
2025,BRN,Paper cardboard (inorganic),10,,,,
2025,BTN,Paper cardboard (inorganic),12,,,,
2025,BWA,Paper cardboard (inorganic),0,,,,
2025,CAN,Paper cardboard (inorganic),14,,,,
2025,CHE,Paper cardboard (inorganic),27,,,,
2025,CHL,Paper cardboard (inorganic),10,,,,
2025,CHN,Paper cardboard (inorganic),9,,,,
2025,CMR,Paper cardboard (inorganic),2,,,,
2025,COL,Paper cardboard (inorganic),7,,,,
2025,COM,Paper cardboard (inorganic),7,,,,
2025,CPV,Paper cardboard (inorganic),10,,,,
2025,CRI,Paper cardboard (inorganic),13,,,,
2025,CUB,Paper cardboard (inorganic),12,,,,
2025,CUW,Paper cardboard (inorganic),15,,,,
2025,CYP,Paper cardboard (inorganic),24,,,,
2025,CZE,Paper cardboard (inorganic),29,,,,
2025,DEU,Paper cardboard (inorganic),20,,,,
2025,DNK,Paper cardboard (inorganic),23,,,,
2025,DOM,Paper cardboard (inorganic),16,,,,
2025,DZA,Paper cardboard (inorganic),7,,,,
2025,ECU,Paper cardboard (inorganic),9,,,,
2025,EGY,Paper cardboard (inorganic),10,,,,
2025,ESP,Paper cardboard (inorganic),15,,,,
2025,EST,Paper cardboard (inorganic),17,,,,
2025,ETH,Paper cardboard (inorganic),6,,,,
2025,FIN,Paper cardboard (inorganic),25,,,,
2025,FJI,Paper cardboard (inorganic),17,,,,
2025,FRA,Paper cardboard (inorganic),22,,,,
2025,FSM,Paper cardboard (inorganic),18,,,,
2025,GBR,Paper cardboard (inorganic),18,,,,
2025,GEO,Paper cardboard (inorganic),12,,,,
2025,GIB,Paper cardboard (inorganic),34,,,,
2025,GIN,Paper cardboard (inorganic),9,,,,
2025,GRC,Paper cardboard (inorganic),24,,,,
2025,GRD,Paper cardboard (inorganic),14,,,,
2025,GTM,Paper cardboard (inorganic),6,,,,
2025,GUM,Paper cardboard (inorganic),29,,,,
2025,GUY,Paper cardboard (inorganic),11,,,,
2025,HKG,Paper cardboard (inorganic),23,,,,
2025,HND,Paper cardboard (inorganic),18,,,,
2025,HRV,Paper cardboard (inorganic),23,,,,
2025,HTI,Paper cardboard (inorganic),4,,,,
2025,HUN,Paper cardboard (inorganic),13,,,,
2025,IDN,Paper cardboard (inorganic),11,,,,
2025,IND,Paper cardboard (inorganic),7,,,,
2025,IRL,Paper cardboard (inorganic),16,,,,
2025,IRN,Paper cardboard (inorganic),6,,,,
2025,IRQ,Paper cardboard (inorganic),10,,,,
2025,ISR,Paper cardboard (inorganic),20,,,,
2025,ITA,Paper cardboard (inorganic),22,,,,
2025,JAM,Paper cardboard (inorganic),19,,,,
2025,JOR,Paper cardboard (inorganic),14,,,,
2025,JPN,Paper cardboard (inorganic),33,,,,
2025,KAZ,Paper cardboard (inorganic),25,,,,
2025,KEN,Paper cardboard (inorganic),11,,,,
2025,KGZ,Paper cardboard (inorganic),1,,,,
2025,KHM,Paper cardboard (inorganic),3,,,,
2025,KIR,Paper cardboard (inorganic),9,,,,
2025,KNA,Paper cardboard (inorganic),21,,,,
2025,KOR,Paper cardboard (inorganic),13,,,,
2025,KWT,Paper cardboard (inorganic),20,,,,
2025,LBN,Paper cardboard (inorganic),5,,,,
2025,LBY,Paper cardboard (inorganic),6,,,,
2025,LCA,Paper cardboard (inorganic),12,,,,
2025,LIE,Paper cardboard (inorganic),21,,,,
2025,LKA,Paper cardboard (inorganic),7,,,,
2025,LTU,Paper cardboard (inorganic),6,,,,
2025,LUX,Paper cardboard (inorganic),22,,,,
2025,LVA,Paper cardboard (inorganic),16,,,,
2025,MAC,Paper cardboard (inorganic),25,,,,
2025,MAF,Paper cardboard (inorganic),12,,,,
2025,MAR,Paper cardboard (inorganic),10,,,,
2025,MDA,Paper cardboard (inorganic),10,,,,
2025,MDG,Paper cardboard (inorganic),4,,,,
2025,MDV,Paper cardboard (inorganic),7,,,,
2025,MEX,Paper cardboard (inorganic),10,,,,
2025,MHL,Paper cardboard (inorganic),23,,,,
2025,MKD,Paper cardboard (inorganic),13,,,,
2025,MLI,Paper cardboard (inorganic),4,,,,
2025,MLT,Paper cardboard (inorganic),16,,,,
2025,MMR,Paper cardboard (inorganic),5,,,,
2025,MNE,Paper cardboard (inorganic),13,,,,
2025,MNG,Paper cardboard (inorganic),17,,,,
2025,MNP,Paper cardboard (inorganic),28,,,,
2025,MOZ,Paper cardboard (inorganic),25,,,,
2025,MUS,Paper cardboard (inorganic),17,,,,
2025,MWI,Paper cardboard (inorganic),4,,,,
2025,MYS,Paper cardboard (inorganic),9,,,,
2025,NGA,Paper cardboard (inorganic),13,,,,
2025,NLD,Paper cardboard (inorganic),20,,,,
2025,NOR,Paper cardboard (inorganic),16,,,,
2025,NPL,Paper cardboard (inorganic),16,,,,
2025,NRU,Paper cardboard (inorganic),13,,,,
2025,NZL,Paper cardboard (inorganic),6,,,,
2025,OMN,Paper cardboard (inorganic),15,,,,
2025,PAK,Paper cardboard (inorganic),7,,,,
2025,PAN,Paper cardboard (inorganic),14,,,,
2025,PER,Paper cardboard (inorganic),8,,,,
2025,PHL,Paper cardboard (inorganic),9,,,,
2025,PLW,Paper cardboard (inorganic),6,,,,
2025,PNG,Paper cardboard (inorganic),14,,,,
2025,POL,Paper cardboard (inorganic),19,,,,
2025,PRI,Paper cardboard (inorganic),19,,,,
2025,PRT,Paper cardboard (inorganic),9,,,,
2025,PSE,Paper cardboard (inorganic),13,,,,
2025,PYF,Paper cardboard (inorganic),16,,,,
2025,QAT,Paper cardboard (inorganic),11,,,,
2025,ROU,Paper cardboard (inorganic),15,,,,
2025,RUS,Paper cardboard (inorganic),19,,,,
2025,SAU,Paper cardboard (inorganic),8,,,,
2025,SDN,Paper cardboard (inorganic),27,,,,
2025,SEN,Paper cardboard (inorganic),5,,,,
2025,SGP,Paper cardboard (inorganic),14,,,,
2025,SLB,Paper cardboard (inorganic),4,,,,
2025,SLV,Paper cardboard (inorganic),9,,,,
2025,SRB,Paper cardboard (inorganic),13,,,,
2025,STP,Paper cardboard (inorganic),6,,,,
2025,SVK,Paper cardboard (inorganic),15,,,,
2025,SVN,Paper cardboard (inorganic),22,,,,
2025,SWE,Paper cardboard (inorganic),14,,,,
2025,SXM,Paper cardboard (inorganic),16,,,,
2025,SYC,Paper cardboard (inorganic),18,,,,
2025,SYR,Paper cardboard (inorganic),7,,,,
2025,TCA,Paper cardboard (inorganic),32,,,,
2025,TCD,Paper cardboard (inorganic),3,,,,
2025,TGO,Paper cardboard (inorganic),4,,,,
2025,THA,Paper cardboard (inorganic),8,,,,
2025,TLS,Paper cardboard (inorganic),13,,,,
2025,TON,Paper cardboard (inorganic),20,,,,
2025,TTO,Paper cardboard (inorganic),18,,,,
2025,TUN,Paper cardboard (inorganic),9,,,,
2025,TUR,Paper cardboard (inorganic),8,,,,
2025,TUV,Paper cardboard (inorganic),10,,,,
2025,TWN,Paper cardboard (inorganic),40,,,,
2025,TZA,Paper cardboard (inorganic),11,,,,
2025,UGA,Paper cardboard (inorganic),5,,,,
2025,UKR,Paper cardboard (inorganic),13,,,,
2025,URY,Paper cardboard (inorganic),14,,,,
2025,USA,Paper cardboard (inorganic),23,,,,
2025,UZB,Paper cardboard (inorganic),3,,,,
2025,VCT,Paper cardboard (inorganic),18,,,,
2025,VEN,Paper cardboard (inorganic),20,,,,
2025,VGB,Paper cardboard (inorganic),13,,,,
2025,VIR,Paper cardboard (inorganic),19,,,,
2025,VNM,Paper cardboard (inorganic),5,,,,
2025,VUT,Paper cardboard (inorganic),4,,,,
2025,WSM,Paper cardboard (inorganic),6,,,,
2025,XKX,Paper cardboard (inorganic),8,,,,
2025,YEM,Paper cardboard (inorganic),7,,,,
2025,ZAF,Paper cardboard (inorganic),10,,,,
2025,ZMB,Paper cardboard (inorganic),6,,,,
2025,ZWE,Paper cardboard (inorganic),16,,,,
2019,AGO,Plastic (inorganic),14,,,,
2019,ALB,Plastic (inorganic),10,,,,
2019,AND,Plastic (inorganic),11,,,,
2019,ARG,Plastic (inorganic),15,,,,
2019,ARM,Plastic (inorganic),11,,,,
2019,ASM,Plastic (inorganic),13,,,,
2019,ATG,Plastic (inorganic),13,,,,
2019,AUS,Plastic (inorganic),8,,,,
2019,AUT,Plastic (inorganic),11,,,,
2019,AZE,Plastic (inorganic),8,,,,
2019,BDI,Plastic (inorganic),4,,,,
2019,BEL,Plastic (inorganic),14,,,,
2019,BEN,Plastic (inorganic),7,,,,
2019,BFA,Plastic (inorganic),9,,,,
2019,BGD,Plastic (inorganic),5,,,,
2019,BGR,Plastic (inorganic),12,,,,
2019,BHR,Plastic (inorganic),7,,,,
2019,BHS,Plastic (inorganic),13,,,,
2019,BLR,Plastic (inorganic),12,,,,
2019,BLZ,Plastic (inorganic),19,,,,
2019,BMU,Plastic (inorganic),13,,,,
2019,BOL,Plastic (inorganic),10,,,,
2019,BRA,Plastic (inorganic),14,,,,
2019,BRB,Plastic (inorganic),17,,,,
2019,BRN,Plastic (inorganic),16,,,,
2019,BTN,Plastic (inorganic),13,,,,
2019,CAN,Plastic (inorganic),3,,,,
2019,CHE,Plastic (inorganic),15,,,,
2019,CHL,Plastic (inorganic),9,,,,
2019,CHN,Plastic (inorganic),10,,,,
2019,CMR,Plastic (inorganic),3,,,,
2019,COL,Plastic (inorganic),13,,,,
2019,COM,Plastic (inorganic),5,,,,
2019,CRI,Plastic (inorganic),11,,,,
2019,CUB,Plastic (inorganic),10,,,,
2019,CYM,Plastic (inorganic),11,,,,
2019,CYP,Plastic (inorganic),15,,,,
2019,CZE,Plastic (inorganic),2,,,,
2019,DEU,Plastic (inorganic),13,,,,
2019,DMA,Plastic (inorganic),16,,,,
2019,DNK,Plastic (inorganic),2,,,,
2019,DOM,Plastic (inorganic),10,,,,
2019,DZA,Plastic (inorganic),17,,,,
2019,ECU,Plastic (inorganic),11,,,,
2019,EGY,Plastic (inorganic),13,,,,
2019,ESP,Plastic (inorganic),9,,,,
2019,EST,Plastic (inorganic),19,,,,
2019,ETH,Plastic (inorganic),2,,,,
2019,FIN,Plastic (inorganic),2,,,,
2019,FJI,Plastic (inorganic),8,,,,
2019,FRA,Plastic (inorganic),9,,,,
2019,FSM,Plastic (inorganic),26,,,,
2019,GBR,Plastic (inorganic),20,,,,
2019,GEO,Plastic (inorganic),3,,,,
2019,GHA,Plastic (inorganic),4,,,,
2019,GIB,Plastic (inorganic),16,,,,
2019,GIN,Plastic (inorganic),4,,,,
2019,GRC,Plastic (inorganic),14,,,,
2019,GRD,Plastic (inorganic),16,,,,
2019,GRL,Plastic (inorganic),2,,,,
2019,GTM,Plastic (inorganic),17,,,,
2019,GUM,Plastic (inorganic),12,,,,
2019,GUY,Plastic (inorganic),14,,,,
2019,HKG,Plastic (inorganic),21,,,,
2019,HND,Plastic (inorganic),14,,,,
2019,HRV,Plastic (inorganic),23,,,,
2019,HTI,Plastic (inorganic),13,,,,
2019,HUN,Plastic (inorganic),13,,,,
2019,IDN,Plastic (inorganic),14,,,,
2019,IRL,Plastic (inorganic),12,,,,
2019,IRN,Plastic (inorganic),9,,,,
2019,IRQ,Plastic (inorganic),5,,,,
2019,ISL,Plastic (inorganic),9,,,,
2019,ISR,Plastic (inorganic),18,,,,
2019,ITA,Plastic (inorganic),12,,,,
2019,JAM,Plastic (inorganic),12,,,,
2019,JOR,Plastic (inorganic),16,,,,
2019,JPN,Plastic (inorganic),11,,,,
2019,KAZ,Plastic (inorganic),25,,,,
2019,KEN,Plastic (inorganic),19,,,,
2019,KHM,Plastic (inorganic),9,,,,
2019,KIR,Plastic (inorganic),17,,,,
2019,KOR,Plastic (inorganic),24,,,,
2019,KWT,Plastic (inorganic),20,,,,
2019,LAO,Plastic (inorganic),6,,,,
2019,LBN,Plastic (inorganic),12,,,,
2019,LBY,Plastic (inorganic),8,,,,
2019,LCA,Plastic (inorganic),22,,,,
2019,LIE,Plastic (inorganic),5,,,,
2019,LKA,Plastic (inorganic),7,,,,
2019,LTU,Plastic (inorganic),10,,,,
2019,LUX,Plastic (inorganic),18,,,,
2019,LVA,Plastic (inorganic),8,,,,
2019,MAC,Plastic (inorganic),8,,,,
2019,MAR,Plastic (inorganic),8,,,,
2019,MCO,Plastic (inorganic),1,,,,
2019,MDA,Plastic (inorganic),10,,,,
2019,MDV,Plastic (inorganic),3,,,,
2019,MEX,Plastic (inorganic),11,,,,
2019,MHL,Plastic (inorganic),13,,,,
2019,MKD,Plastic (inorganic),14,,,,
2019,MLI,Plastic (inorganic),2,,,,
2019,MLT,Plastic (inorganic),12,,,,
2019,MNE,Plastic (inorganic),18,,,,
2019,MNG,Plastic (inorganic),15,,,,
2019,MNP,Plastic (inorganic),17,,,,
2019,MRT,Plastic (inorganic),20,,,,
2019,MUS,Plastic (inorganic),12,,,,
2019,MYS,Plastic (inorganic),15,,,,
2019,NCL,Plastic (inorganic),17,,,,
2019,NER,Plastic (inorganic),2,,,,
2019,NGA,Plastic (inorganic),5,,,,
2019,NLD,Plastic (inorganic),14,,,,
2019,NOR,Plastic (inorganic),2,,,,
2019,NPL,Plastic (inorganic),15,,,,
2019,NRU,Plastic (inorganic),17,,,,
2019,NZL,Plastic (inorganic),8,,,,
2019,OMN,Plastic (inorganic),21,,,,
2019,PAN,Plastic (inorganic),12,,,,
2019,PHL,Plastic (inorganic),11,,,,
2019,PLW,Plastic (inorganic),32,,,,
2019,PNG,Plastic (inorganic),10,,,,
2019,POL,Plastic (inorganic),12,,,,
2019,PRT,Plastic (inorganic),11,,,,
2019,PSE,Plastic (inorganic),14,,,,
2019,PYF,Plastic (inorganic),2,,,,
2019,QAT,Plastic (inorganic),14,,,,
2019,ROU,Plastic (inorganic),12,,,,
2019,RUS,Plastic (inorganic),14,,,,
2019,SAU,Plastic (inorganic),11,,,,
2019,SDN,Plastic (inorganic),13,,,,
2019,SEN,Plastic (inorganic),9,,,,
2019,SLB,Plastic (inorganic),22,,,,
2019,SLV,Plastic (inorganic),10,,,,
2019,SMR,Plastic (inorganic),6,,,,
2019,SRB,Plastic (inorganic),13,,,,
2019,SUR,Plastic (inorganic),11,,,,
2019,SVK,Plastic (inorganic),11,,,,
2019,SWE,Plastic (inorganic),7,,,,
2019,SXM,Plastic (inorganic),13,,,,
2019,SYC,Plastic (inorganic),10,,,,
2019,SYR,Plastic (inorganic),7,,,,
2019,TCA,Plastic (inorganic),16,,,,
2019,TCD,Plastic (inorganic),6,,,,
2019,TGO,Plastic (inorganic),10,,,,
2019,THA,Plastic (inorganic),18,,,,
2019,TKM,Plastic (inorganic),2,,,,
2019,TLS,Plastic (inorganic),17,,,,
2019,TON,Plastic (inorganic),13,,,,
2019,TTO,Plastic (inorganic),19,,,,
2019,TUN,Plastic (inorganic),11,,,,
2019,TUR,Plastic (inorganic),3,,,,
2019,TUV,Plastic (inorganic),17,,,,
2019,TWN,Plastic (inorganic),20,,,,
2019,UGA,Plastic (inorganic),8,,,,
2019,UKR,Plastic (inorganic),7,,,,
2019,URY,Plastic (inorganic),11,,,,
2019,USA,Plastic (inorganic),13,,,,
2019,UZB,Plastic (inorganic),3,,,,
2019,VCT,Plastic (inorganic),8,,,,
2019,VGB,Plastic (inorganic),6,,,,
2019,VIR,Plastic (inorganic),13,,,,
2019,VNM,Plastic (inorganic),12,,,,
2019,VUT,Plastic (inorganic),7,,,,
2019,WSM,Plastic (inorganic),13,,,,
2019,XKX,Plastic (inorganic),11,,,,
2019,YEM,Plastic (inorganic),10,,,,
2019,ZAF,Plastic (inorganic),7,,,,
2019,ZWE,Plastic (inorganic),23,,,,
2025,AFG,Plastic (inorganic),12,,,,
2025,AGO,Plastic (inorganic),13,,,,
2025,ALB,Plastic (inorganic),9,,,,
2025,ARE,Plastic (inorganic),25,,,,
2025,ARG,Plastic (inorganic),19,,,,
2025,ARM,Plastic (inorganic),13,,,,
2025,ASM,Plastic (inorganic),13,,,,
2025,ATG,Plastic (inorganic),20,,,,
2025,AUS,Plastic (inorganic),2,,,,
2025,AZE,Plastic (inorganic),9,,,,
2025,BDI,Plastic (inorganic),8,,,,
2025,BEL,Plastic (inorganic),12,,,,
2025,BEN,Plastic (inorganic),7,,,,
2025,BFA,Plastic (inorganic),13,,,,
2025,BGD,Plastic (inorganic),18,,,,
2025,BGR,Plastic (inorganic),11,,,,
2025,BHR,Plastic (inorganic),30,,,,
2025,BLZ,Plastic (inorganic),17,,,,
2025,BMU,Plastic (inorganic),19,,,,
2025,BOL,Plastic (inorganic),10,,,,
2025,BRA,Plastic (inorganic),17,,,,
2025,BRB,Plastic (inorganic),13,,,,
2025,BRN,Plastic (inorganic),29,,,,
2025,BTN,Plastic (inorganic),19,,,,
2025,CAN,Plastic (inorganic),12,,,,
2025,CHE,Plastic (inorganic),7,,,,
2025,CHL,Plastic (inorganic),11,,,,
2025,CHN,Plastic (inorganic),12,,,,
2025,CMR,Plastic (inorganic),3,,,,
2025,COL,Plastic (inorganic),11,,,,
2025,COM,Plastic (inorganic),5,,,,
2025,CPV,Plastic (inorganic),10,,,,
2025,CRI,Plastic (inorganic),13,,,,
2025,CUB,Plastic (inorganic),10,,,,
2025,CUW,Plastic (inorganic),15,,,,
2025,CYP,Plastic (inorganic),15,,,,
2025,CZE,Plastic (inorganic),13,,,,
2025,DEU,Plastic (inorganic),8,,,,
2025,DNK,Plastic (inorganic),7,,,,
2025,DOM,Plastic (inorganic),6,,,,
2025,DZA,Plastic (inorganic),15,,,,
2025,ECU,Plastic (inorganic),11,,,,
2025,EGY,Plastic (inorganic),13,,,,
2025,ESP,Plastic (inorganic),9,,,,
2025,EST,Plastic (inorganic),18,,,,
2025,ETH,Plastic (inorganic),8,,,,
2025,FIN,Plastic (inorganic),12,,,,
2025,FJI,Plastic (inorganic),18,,,,
2025,FRA,Plastic (inorganic),13,,,,
2025,FSM,Plastic (inorganic),21,,,,
2025,GBR,Plastic (inorganic),9,,,,
2025,GEO,Plastic (inorganic),15,,,,
2025,GIB,Plastic (inorganic),16,,,,
2025,GIN,Plastic (inorganic),4,,,,
2025,GRC,Plastic (inorganic),14,,,,
2025,GRD,Plastic (inorganic),16,,,,
2025,GTM,Plastic (inorganic),13,,,,
2025,GUM,Plastic (inorganic),12,,,,
2025,GUY,Plastic (inorganic),14,,,,
2025,HKG,Plastic (inorganic),16,,,,
2025,HND,Plastic (inorganic),15,,,,
2025,HRV,Plastic (inorganic),23,,,,
2025,HTI,Plastic (inorganic),13,,,,
2025,HUN,Plastic (inorganic),15,,,,
2025,IDN,Plastic (inorganic),19,,,,
2025,IND,Plastic (inorganic),16,,,,
2025,IRL,Plastic (inorganic),16,,,,
2025,IRN,Plastic (inorganic),8,,,,
2025,IRQ,Plastic (inorganic),7,,,,
2025,ISR,Plastic (inorganic),19,,,,
2025,ITA,Plastic (inorganic),13,,,,
2025,JAM,Plastic (inorganic),18,,,,
2025,JOR,Plastic (inorganic),15,,,,
2025,JPN,Plastic (inorganic),15,,,,
2025,KAZ,Plastic (inorganic),25,,,,
2025,KEN,Plastic (inorganic),14,,,,
2025,KGZ,Plastic (inorganic),21,,,,
2025,KHM,Plastic (inorganic),10,,,,
2025,KIR,Plastic (inorganic),6,,,,
2025,KNA,Plastic (inorganic),23,,,,
2025,KOR,Plastic (inorganic),24,,,,
2025,KWT,Plastic (inorganic),20,,,,
2025,LBN,Plastic (inorganic),13,,,,
2025,LBY,Plastic (inorganic),8,,,,
2025,LCA,Plastic (inorganic),20,,,,
2025,LIE,Plastic (inorganic),5,,,,
2025,LKA,Plastic (inorganic),6,,,,
2025,LTU,Plastic (inorganic),13,,,,
2025,LUX,Plastic (inorganic),9,,,,
2025,LVA,Plastic (inorganic),11,,,,
2025,MAC,Plastic (inorganic),22,,,,
2025,MAF,Plastic (inorganic),19,,,,
2025,MAR,Plastic (inorganic),10,,,,
2025,MDA,Plastic (inorganic),11,,,,
2025,MDG,Plastic (inorganic),6,,,,
2025,MDV,Plastic (inorganic),10,,,,
2025,MEX,Plastic (inorganic),12,,,,
2025,MHL,Plastic (inorganic),20,,,,
2025,MKD,Plastic (inorganic),14,,,,
2025,MLI,Plastic (inorganic),2,,,,
2025,MLT,Plastic (inorganic),17,,,,
2025,MMR,Plastic (inorganic),11,,,,
2025,MNE,Plastic (inorganic),17,,,,
2025,MNG,Plastic (inorganic),18,,,,
2025,MNP,Plastic (inorganic),18,,,,
2025,MUS,Plastic (inorganic),14,,,,
2025,MWI,Plastic (inorganic),7,,,,
2025,MYS,Plastic (inorganic),24,,,,
2025,NGA,Plastic (inorganic),8,,,,
2025,NLD,Plastic (inorganic),13,,,,
2025,NOR,Plastic (inorganic),9,,,,
2025,NPL,Plastic (inorganic),16,,,,
2025,NRU,Plastic (inorganic),13,,,,
2025,NZL,Plastic (inorganic),8,,,,
2025,OMN,Plastic (inorganic),26,,,,
2025,PAK,Plastic (inorganic),10,,,,
2025,PAN,Plastic (inorganic),17,,,,
2025,PER,Plastic (inorganic),13,,,,
2025,PHL,Plastic (inorganic),11,,,,
2025,PLW,Plastic (inorganic),8,,,,
2025,PNG,Plastic (inorganic),13,,,,
2025,POL,Plastic (inorganic),15,,,,
2025,PRI,Plastic (inorganic),10,,,,
2025,PRT,Plastic (inorganic),10,,,,
2025,PSE,Plastic (inorganic),15,,,,
2025,PYF,Plastic (inorganic),2,,,,
2025,QAT,Plastic (inorganic),14,,,,
2025,ROU,Plastic (inorganic),13,,,,
2025,RUS,Plastic (inorganic),14,,,,
2025,SAU,Plastic (inorganic),10,,,,
2025,SDN,Plastic (inorganic),4,,,,
2025,SEN,Plastic (inorganic),9,,,,
2025,SGP,Plastic (inorganic),14,,,,
2025,SLB,Plastic (inorganic),10,,,,
2025,SLV,Plastic (inorganic),26,,,,
2025,SRB,Plastic (inorganic),12,,,,
2025,STP,Plastic (inorganic),3,,,,
2025,SUR,Plastic (inorganic),11,,,,
2025,SVK,Plastic (inorganic),13,,,,
2025,SVN,Plastic (inorganic),7,,,,
2025,SWE,Plastic (inorganic),8,,,,
2025,SXM,Plastic (inorganic),12,,,,
2025,SYC,Plastic (inorganic),13,,,,
2025,SYR,Plastic (inorganic),7,,,,
2025,TCA,Plastic (inorganic),16,,,,
2025,TCD,Plastic (inorganic),6,,,,
2025,TGO,Plastic (inorganic),10,,,,
2025,THA,Plastic (inorganic),18,,,,
2025,TKM,Plastic (inorganic),2,,,,
2025,TLS,Plastic (inorganic),10,,,,
2025,TON,Plastic (inorganic),11,,,,
2025,TTO,Plastic (inorganic),13,,,,
2025,TUN,Plastic (inorganic),9,,,,
2025,TUR,Plastic (inorganic),6,,,,
2025,TUV,Plastic (inorganic),15,,,,
2025,TWN,Plastic (inorganic),26,,,,
2025,TZA,Plastic (inorganic),7,,,,
2025,UGA,Plastic (inorganic),2,,,,
2025,UKR,Plastic (inorganic),11,,,,
2025,URY,Plastic (inorganic),17,,,,
2025,USA,Plastic (inorganic),12,,,,
2025,UZB,Plastic (inorganic),8,,,,
2025,VCT,Plastic (inorganic),24,,,,
2025,VEN,Plastic (inorganic),10,,,,
2025,VGB,Plastic (inorganic),20,,,,
2025,VIR,Plastic (inorganic),14,,,,
2025,VNM,Plastic (inorganic),10,,,,
2025,VUT,Plastic (inorganic),10,,,,
2025,WSM,Plastic (inorganic),8,,,,
2025,XKX,Plastic (inorganic),11,,,,
2025,YEM,Plastic (inorganic),10,,,,
2025,ZAF,Plastic (inorganic),5,,,,
2025,ZMB,Plastic (inorganic),14,,,,
2025,ZWE,Plastic (inorganic),15,,,,
2019,ARG,Rubber leather (organic),1,,,,
2019,ARM,Rubber leather (organic),0,,,,
2019,ASM,Rubber leather (organic),4,,,,
2019,AZE,Rubber leather (organic),3,,,,
2019,BGD,Rubber leather (organic),1,,,,
2019,BGR,Rubber leather (organic),2,,,,
2019,BLR,Rubber leather (organic),6,,,,
2019,BRB,Rubber leather (organic),12,,,,
2019,BRN,Rubber leather (organic),1,,,,
2019,CHN,Rubber leather (organic),1,,,,
2019,DEU,Rubber leather (organic),4,,,,
2019,DNK,Rubber leather (organic),0,,,,
2019,DZA,Rubber leather (organic),13,,,,
2019,ECU,Rubber leather (organic),0,,,,
2019,FJI,Rubber leather (organic),0,,,,
2019,FSM,Rubber leather (organic),4,,,,
2019,GRC,Rubber leather (organic),2,,,,
2019,GRD,Rubber leather (organic),1,,,,
2019,GUM,Rubber leather (organic),3,,,,
2019,GUY,Rubber leather (organic),2,,,,
2019,HND,Rubber leather (organic),0,,,,
2019,IRN,Rubber leather (organic),1,,,,
2019,IRQ,Rubber leather (organic),5,,,,
2019,JPN,Rubber leather (organic),1,,,,
2019,KIR,Rubber leather (organic),4,,,,
2019,LAO,Rubber leather (organic),1,,,,
2019,LVA,Rubber leather (organic),4,,,,
2019,MKD,Rubber leather (organic),1,,,,
2019,MNP,Rubber leather (organic),4,,,,
2019,MYS,Rubber leather (organic),3,,,,
2019,NCL,Rubber leather (organic),4,,,,
2019,NPL,Rubber leather (organic),1,,,,
2019,NRU,Rubber leather (organic),4,,,,
2019,NZL,Rubber leather (organic),1,,,,
2019,PHL,Rubber leather (organic),0,,,,
2019,PLW,Rubber leather (organic),1,,,,
2019,SLB,Rubber leather (organic),5,,,,
2019,SRB,Rubber leather (organic),0,,,,
2019,SYC,Rubber leather (organic),0,,,,
2019,THA,Rubber leather (organic),1,,,,
2019,TLS,Rubber leather (organic),4,,,,
2019,TON,Rubber leather (organic),4,,,,
2019,TUV,Rubber leather (organic),4,,,,
2019,TWN,Rubber leather (organic),1,,,,
2019,USA,Rubber leather (organic),10,,,,
2019,UZB,Rubber leather (organic),2,,,,
2019,VNM,Rubber leather (organic),1,,,,
2019,VUT,Rubber leather (organic),1,,,,
2019,WSM,Rubber leather (organic),7,,,,
2019,YEM,Rubber leather (organic),1,,,,
2025,AFG,Rubber leather (organic),2,,,,
2025,ASM,Rubber leather (organic),4,,,,
2025,AUS,Rubber leather (organic),0,,,,
2025,BGD,Rubber leather (organic),10,,,,
2025,BGR,Rubber leather (organic),3,,,,
2025,BTN,Rubber leather (organic),2,,,,
2025,CAN,Rubber leather (organic),1,,,,
2025,CUW,Rubber leather (organic),1,,,,
2025,ECU,Rubber leather (organic),1,,,,
2025,FRA,Rubber leather (organic),0,,,,
2025,GRD,Rubber leather (organic),1,,,,
2025,GUM,Rubber leather (organic),3,,,,
2025,GUY,Rubber leather (organic),2,,,,
2025,HKG,Rubber leather (organic),0,,,,
2025,HRV,Rubber leather (organic),0,,,,
2025,IDN,Rubber leather (organic),3,,,,
2025,IND,Rubber leather (organic),1,,,,
2025,IRN,Rubber leather (organic),1,,,,
2025,IRQ,Rubber leather (organic),1,,,,
2025,KOR,Rubber leather (organic),1,,,,
2025,MDV,Rubber leather (organic),0,,,,
2025,MEX,Rubber leather (organic),1,,,,
2025,MKD,Rubber leather (organic),1,,,,
2025,MMR,Rubber leather (organic),4,,,,
2025,MNE,Rubber leather (organic),0,,,,
2025,NPL,Rubber leather (organic),1,,,,
2025,NZL,Rubber leather (organic),2,,,,
2025,PAK,Rubber leather (organic),1,,,,
2025,PAN,Rubber leather (organic),0,,,,
2025,PER,Rubber leather (organic),1,,,,
2025,PHL,Rubber leather (organic),0,,,,
2025,SLV,Rubber leather (organic),1,,,,
2025,THA,Rubber leather (organic),1,,,,
2025,TWN,Rubber leather (organic),1,,,,
2025,USA,Rubber leather (organic),3,,,,
2025,UZB,Rubber leather (organic),2,,,,
2025,VNM,Rubber leather (organic),4,,,,
2025,WSM,Rubber leather (organic),0,,,,
2019,AGO,Total,37,,,,
2019,ALB,Total,33,,,,
2019,AND,Total,57,,,,
2019,ARE,Total,51,,,,
2019,ARG,Total,35,,,,
2019,ARM,Total,25,,,,
2019,ASM,Total,51,,,,
2019,ATG,Total,42,,,,
2019,AUS,Total,48,,,,
2019,AUT,Total,50,,,,
2019,AZE,Total,28,,,,
2019,BDI,Total,16,,,,
2019,BEL,Total,40,,,,
2019,BEN,Total,14,,,,
2019,BFA,Total,18,,,,
2019,BGD,Total,9,,,,
2019,BGR,Total,37,,,,
2019,BHR,Total,26,,,,
2019,BHS,Total,42,,,,
2019,BIH,Total,5,,,,
2019,BLR,Total,29,,,,
2019,BLZ,Total,48,,,,
2019,BMU,Total,57,,,,
2019,BOL,Total,22,,,,
2019,BRA,Total,32,,,,
2019,BRB,Total,45,,,,
2019,BRN,Total,42,,,,
2019,BTN,Total,35,,,,
2019,BWA,Total,0,,,,
2019,CAN,Total,69,,,,
2019,CHE,Total,42,,,,
2019,CHL,Total,31,,,,
2019,CHN,Total,24,,,,
2019,CMR,Total,6,,,,
2019,COL,Total,25,,,,
2019,COM,Total,18,,,,
2019,CRI,Total,35,,,,
2019,CUB,Total,28,,,,
2019,CYM,Total,59,,,,
2019,CYP,Total,49,,,,
2019,CZE,Total,23,,,,
2019,DEU,Total,48,,,,
2019,DMA,Total,41,,,,
2019,DNK,Total,33,,,,
2019,DOM,Total,39,,,,
2019,DZA,Total,32,,,,
2019,ECU,Total,27,,,,
2019,EGY,Total,29,,,,
2019,ESP,Total,37,,,,
2019,EST,Total,47,,,,
2019,ETH,Total,8,,,,
2019,FIN,Total,51,,,,
2019,FJI,Total,26,,,,
2019,FRA,Total,42,,,,
2019,FSM,Total,63,,,,
2019,GBR,Total,52,,,,
2019,GEO,Total,45,,,,
2019,GHA,Total,8,,,,
2019,GIB,Total,58,,,,
2019,GIN,Total,15,,,,
2019,GMB,Total,14,,,,
2019,GRC,Total,49,,,,
2019,GRD,Total,36,,,,
2019,GRL,Total,24,,,,
2019,GTM,Total,38,,,,
2019,GUM,Total,61,,,,
2019,GUY,Total,36,,,,
2019,HKG,Total,51,,,,
2019,HND,Total,35,,,,
2019,HRV,Total,52,,,,
2019,HTI,Total,22,,,,
2019,HUN,Total,32,,,,
2019,IDN,Total,33,,,,
2019,IRL,Total,52,,,,
2019,IRN,Total,21,,,,
2019,IRQ,Total,19,,,,
2019,ISL,Total,76,,,,
2019,ISR,Total,48,,,,
2019,ITA,Total,50,,,,
2019,JOR,Total,35,,,,
2019,JPN,Total,57,,,,
2019,Juba,Total,44,,,,
2019,KAZ,Total,61,,,,
2019,KEN,Total,34,,,,
2019,KHM,Total,23,,,,
2019,KIR,Total,43,,,,
2019,KOR,Total,70,,,,
2019,KWT,Total,47,,,,
2019,LAO,Total,60,,,,
2019,LBN,Total,37,,,,
2019,LBY,Total,23,,,,
2019,LCA,Total,44,,,,
2019,LIE,Total,53,,,,
2019,LKA,Total,25,,,,
2019,LTU,Total,32,,,,
2019,LUX,Total,43,,,,
2019,LVA,Total,40,,,,
2019,MAC,Total,94,,,,
2019,MAR,Total,22,,,,
2019,MCO,Total,8,,,,
2019,MDA,Total,22,,,,
2019,MDV,Total,10,,,,
2019,MEX,Total,34,,,,
2019,MHL,Total,32,,,,
2019,MKD,Total,34,,,,
2019,MLI,Total,10,,,,
2019,MLT,Total,40,,,,
2019,MNE,Total,47,,,,
2019,MNG,Total,27,,,,
2019,MNP,Total,43,,,,
2019,MOZ,Total,25,,,,
2019,MRT,Total,36,,,,
2019,MUS,Total,28,,,,
2019,MYS,Total,42,,,,
2019,NCL,Total,43,,,,
2019,NER,Total,5,,,,
2019,NGA,Total,16,,,,
2019,NLD,Total,45,,,,
2019,NOR,Total,57,,,,
2019,NPL,Total,40,,,,
2019,NRU,Total,43,,,,
2019,NZL,Total,35,,,,
2019,OMN,Total,44,,,,
2019,PAK,Total,34,,,,
2019,PAN,Total,48,,,,
2019,PER,Total,24,,,,
2019,PHL,Total,26,,,,
2019,PLW,Total,62,,,,
2019,PNG,Total,27,,,,
2019,POL,Total,36,,,,
2019,PRI,Total,43,,,,
2019,PRT,Total,34,,,,
2019,PSE,Total,29,,,,
2019,PYF,Total,24,,,,
2019,QAT,Total,38,,,,
2019,ROU,Total,33,,,,
2019,RUS,Total,53,,,,
2019,SAU,Total,52,,,,
2019,SDN,Total,30,,,,
2019,SEN,Total,20,,,,
2019,SGP,Total,51,,,,
2019,SLB,Total,49,,,,
2019,SLV,Total,28,,,,
2019,SMR,Total,27,,,,
2019,SRB,Total,33,,,,
2019,SUR,Total,17,,,,
2019,SVK,Total,57,,,,
2019,SWE,Total,61,,,,
2019,SXM,Total,42,,,,
2019,SYC,Total,26,,,,
2019,SYR,Total,21,,,,
2019,TCA,Total,76,,,,
2019,TCD,Total,12,,,,
2019,TGO,Total,20,,,,
2019,THA,Total,31,,,,
2019,TKM,Total,21,,,,
2019,TLS,Total,43,,,,
2019,TON,Total,36,,,,
2019,TTO,Total,56,,,,
2019,TUN,Total,27,,,,
2019,TUR,Total,12,,,,
2019,TUV,Total,43,,,,
2019,TWN,Total,57,,,,
2019,UGA,Total,15,,,,
2019,UKR,Total,41,,,,
2019,URY,Total,39,,,,
2019,USA,Total,59,,,,
2019,UZB,Total,29,,,,
2019,VCT,Total,40,,,,
2019,VGB,Total,89,,,,
2019,VIR,Total,42,,,,
2019,VNM,Total,24,,,,
2019,VUT,Total,20,,,,
2019,WSM,Total,31,,,,
2019,XKX,Total,38,,,,
2019,YEM,Total,27,,,,
2019,ZAF,Total,39,,,,
2019,ZWE,Total,61,,,,
2025,AFG,Total,18,,,,
2025,AGO,Total,37,,,,
2025,ALB,Total,25,,,,
2025,AND,Total,33,,,,
2025,ARE,Total,57,,,,
2025,ARG,Total,39,,,,
2025,ARM,Total,25,,,,
2025,ASM,Total,51,,,,
2025,ATG,Total,60,,,,
2025,AUS,Total,23,,,,
2025,AZE,Total,32,,,,
2025,BDI,Total,34,,,,
2025,BEL,Total,31,,,,
2025,BEN,Total,14,,,,
2025,BFA,Total,27,,,,
2025,BGD,Total,51,,,,
2025,BGR,Total,27,,,,
2025,BHR,Total,43,,,,
2025,BLZ,Total,34,,,,
2025,BMU,Total,64,,,,
2025,BOL,Total,19,,,,
2025,BRA,Total,32,,,,
2025,BRB,Total,41,,,,
2025,BRN,Total,39,,,,
2025,BTN,Total,42,,,,
2025,BWA,Total,0,,,,
2025,CAN,Total,32,,,,
2025,CHE,Total,43,,,,
2025,CHL,Total,26,,,,
2025,CHN,Total,25,,,,
2025,CMR,Total,6,,,,
2025,COL,Total,21,,,,
2025,COM,Total,18,,,,
2025,CPV,Total,37,,,,
2025,CRI,Total,29,,,,
2025,CUB,Total,28,,,,
2025,CUW,Total,42,,,,
2025,CYP,Total,46,,,,
2025,CZE,Total,57,,,,
2025,DEU,Total,38,,,,
2025,DNK,Total,40,,,,
2025,DOM,Total,32,,,,
2025,DZA,Total,25,,,,
2025,ECU,Total,25,,,,
2025,EGY,Total,29,,,,
2025,ESP,Total,35,,,,
2025,EST,Total,43,,,,
2025,ETH,Total,17,,,,
2025,FIN,Total,44,,,,
2025,FJI,Total,43,,,,
2025,FRA,Total,52,,,,
2025,FSM,Total,57,,,,
2025,GBR,Total,37,,,,
2025,GEO,Total,32,,,,
2025,GIB,Total,59,,,,
2025,GIN,Total,15,,,,
2025,GRC,Total,46,,,,
2025,GRD,Total,36,,,,
2025,GTM,Total,24,,,,
2025,GUM,Total,55,,,,
2025,GUY,Total,34,,,,
2025,HKG,Total,60,,,,
2025,HND,Total,36,,,,
2025,HRV,Total,52,,,,
2025,HTI,Total,21,,,,
2025,HUN,Total,35,,,,
2025,IDN,Total,36,,,,
2025,IND,Total,26,,,,
2025,IRL,Total,38,,,,
2025,IRN,Total,19,,,,
2025,IRQ,Total,20,,,,
2025,ISR,Total,39,,,,
2025,ITA,Total,45,,,,
2025,JAM,Total,42,,,,
2025,JOR,Total,37,,,,
2025,JPN,Total,57,,,,
2025,KAZ,Total,58,,,,
2025,KEN,Total,25,,,,
2025,KGZ,Total,33,,,,
2025,KHM,Total,28,,,,
2025,KIR,Total,27,,,,
2025,KNA,Total,61,,,,
2025,KOR,Total,41,,,,
2025,KWT,Total,45,,,,
2025,LBN,Total,23,,,,
2025,LBY,Total,20,,,,
2025,LCA,Total,39,,,,
2025,LIE,Total,59,,,,
2025,LKA,Total,15,,,,
2025,LTU,Total,25,,,,
2025,LUX,Total,39,,,,
2025,LVA,Total,42,,,,
2025,MAC,Total,55,,,,
2025,MAF,Total,46,,,,
2025,MAR,Total,26,,,,
2025,MDA,Total,29,,,,
2025,MDG,Total,11,,,,
2025,MDV,Total,23,,,,
2025,MEX,Total,29,,,,
2025,MHL,Total,57,,,,
2025,MKD,Total,33,,,,
2025,MLI,Total,10,,,,
2025,MLT,Total,44,,,,
2025,MMR,Total,20,,,,
2025,MNE,Total,42,,,,
2025,MNG,Total,44,,,,
2025,MNP,Total,57,,,,
2025,MOZ,Total,25,,,,
2025,MUS,Total,40,,,,
2025,MWI,Total,15,,,,
2025,MYS,Total,37,,,,
2025,NGA,Total,30,,,,
2025,NLD,Total,41,,,,
2025,NOR,Total,35,,,,
2025,NPL,Total,37,,,,
2025,NRU,Total,43,,,,
2025,NZL,Total,19,,,,
2025,OMN,Total,47,,,,
2025,PAK,Total,20,,,,
2025,PAN,Total,38,,,,
2025,PER,Total,28,,,,
2025,PHL,Total,26,,,,
2025,PLW,Total,25,,,,
2025,PNG,Total,43,,,,
2025,POL,Total,47,,,,
2025,PRI,Total,41,,,,
2025,PRT,Total,28,,,,
2025,PSE,Total,31,,,,
2025,PYF,Total,24,,,,
2025,QAT,Total,38,,,,
2025,ROU,Total,38,,,,
2025,RUS,Total,49,,,,
2025,SAU,Total,26,,,,
2025,SDN,Total,39,,,,
2025,SEN,Total,18,,,,
2025,SGP,Total,48,,,,
2025,SLB,Total,30,,,,
2025,SLV,Total,38,,,,
2025,SRB,Total,34,,,,
2025,STP,Total,16,,,,
2025,SUR,Total,20,,,,
2025,SVK,Total,41,,,,
2025,SVN,Total,39,,,,
2025,SWE,Total,32,,,,
2025,SXM,Total,49,,,,
2025,SYC,Total,40,,,,
2025,SYR,Total,21,,,,
2025,TCA,Total,76,,,,
2025,TCD,Total,12,,,,
2025,TGO,Total,20,,,,
2025,THA,Total,31,,,,
2025,TKM,Total,18,,,,
2025,TLS,Total,32,,,,
2025,TON,Total,40,,,,
2025,TTO,Total,35,,,,
2025,TUN,Total,21,,,,
2025,TUR,Total,19,,,,
2025,TUV,Total,44,,,,
2025,TWN,Total,67,,,,
2025,TZA,Total,23,,,,
2025,UGA,Total,11,,,,
2025,UKR,Total,35,,,,
2025,URY,Total,38,,,,
2025,USA,Total,48,,,,
2025,UZB,Total,18,,,,
2025,VCT,Total,52,,,,
2025,VEN,Total,40,,,,
2025,VGB,Total,55,,,,
2025,VIR,Total,47,,,,
2025,VNM,Total,24,,,,
2025,VUT,Total,29,,,,
2025,WSM,Total,19,,,,
2025,XKX,Total,31,,,,
2025,YEM,Total,24,,,,
2025,ZAF,Total,45,,,,
2025,ZMB,Total,33,,,,
2025,ZWE,Total,40,,,,
2019,ALB,Wood (organic),5,,,,
2019,ARG,Wood (organic),1,,,,
2019,ARM,Wood (organic),1,,,,
2019,AUT,Wood (organic),8,,,,
2019,BEL,Wood (organic),2,,,,
2019,BGR,Wood (organic),3,,,,
2019,BLR,Wood (organic),2,,,,
2019,BRN,Wood (organic),1,,,,
2019,CHN,Wood (organic),2,,,,
2019,CYM,Wood (organic),7,,,,
2019,CYP,Wood (organic),2,,,,
2019,CZE,Wood (organic),1,,,,
2019,DNK,Wood (organic),8,,,,
2019,DOM,Wood (organic),4,,,,
2019,DZA,Wood (organic),2,,,,
2019,ECU,Wood (organic),1,,,,
2019,ESP,Wood (organic),2,,,,
2019,EST,Wood (organic),0,,,,
2019,FIN,Wood (organic),1,,,,
2019,GBR,Wood (organic),8,,,,
2019,GRL,Wood (organic),1,,,,
2019,GUM,Wood (organic),6,,,,
2019,GUY,Wood (organic),3,,,,
2019,HKG,Wood (organic),3,,,,
2019,HTI,Wood (organic),1,,,,
2019,IRL,Wood (organic),2,,,,
2019,IRN,Wood (organic),1,,,,
2019,IRQ,Wood (organic),1,,,,
2019,ISL,Wood (organic),29,,,,
2019,ITA,Wood (organic),4,,,,
2019,JAM,Wood (organic),1,,,,
2019,JPN,Wood (organic),4,,,,
2019,KAZ,Wood (organic),3,,,,
2019,KHM,Wood (organic),6,,,,
2019,KWT,Wood (organic),1,,,,
2019,LAO,Wood (organic),38,,,,
2019,LBY,Wood (organic),3,,,,
2019,LKA,Wood (organic),6,,,,
2019,LTU,Wood (organic),1,,,,
2019,LVA,Wood (organic),2,,,,
2019,MAC,Wood (organic),22,,,,
2019,MKD,Wood (organic),1,,,,
2019,MNE,Wood (organic),3,,,,
2019,MYS,Wood (organic),7,,,,
2019,NOR,Wood (organic),17,,,,
2019,NZL,Wood (organic),11,,,,
2019,OMN,Wood (organic),2,,,,
2019,POL,Wood (organic),0,,,,
2019,PRT,Wood (organic),1,,,,
2019,ROU,Wood (organic),2,,,,
2019,SAU,Wood (organic),5,,,,
2019,SEN,Wood (organic),2,,,,
2019,SMR,Wood (organic),1,,,,
2019,SYC,Wood (organic),1,,,,
2019,THA,Wood (organic),1,,,,
2019,TKM,Wood (organic),3,,,,
2019,USA,Wood (organic),6,,,,
2019,UZB,Wood (organic),4,,,,
2019,VGB,Wood (organic),22,,,,
2019,VNM,Wood (organic),4,,,,
2019,XKX,Wood (organic),7,,,,
2019,YEM,Wood (organic),3,,,,
2025,AFG,Wood (organic),2,,,,
2025,ALB,Wood (organic),4,,,,
2025,AND,Wood (organic),9,,,,
2025,ARM,Wood (organic),0,,,,
2025,AUS,Wood (organic),2,,,,
2025,BDI,Wood (organic),3,,,,
2025,BEL,Wood (organic),1,,,,
2025,BGR,Wood (organic),2,,,,
2025,BTN,Wood (organic),2,,,,
2025,CAN,Wood (organic),8,,,,
2025,CHN,Wood (organic),2,,,,
2025,COM,Wood (organic),10,,,,
2025,CPV,Wood (organic),2,,,,
2025,CUW,Wood (organic),1,,,,
2025,CYP,Wood (organic),2,,,,
2025,CZE,Wood (organic),4,,,,
2025,DEU,Wood (organic),22,,,,
2025,ECU,Wood (organic),1,,,,
2025,ESP,Wood (organic),2,,,,
2025,EST,Wood (organic),1,,,,
2025,FIN,Wood (organic),4,,,,
2025,FRA,Wood (organic),0,,,,
2025,GBR,Wood (organic),4,,,,
2025,GEO,Wood (organic),1,,,,
2025,GRC,Wood (organic),4,,,,
2025,GUM,Wood (organic),6,,,,
2025,GUY,Wood (organic),3,,,,
2025,HKG,Wood (organic),1,,,,
2025,HRV,Wood (organic),1,,,,
2025,HTI,Wood (organic),1,,,,
2025,IDN,Wood (organic),12,,,,
2025,IRN,Wood (organic),1,,,,
2025,IRQ,Wood (organic),1,,,,
2025,ITA,Wood (organic),4,,,,
2025,KOR,Wood (organic),5,,,,
2025,LBY,Wood (organic),3,,,,
2025,LKA,Wood (organic),6,,,,
2025,LTU,Wood (organic),1,,,,
2025,LUX,Wood (organic),3,,,,
2025,MAC,Wood (organic),2,,,,
2025,MDA,Wood (organic),1,,,,
2025,MDV,Wood (organic),0,,,,
2025,MEX,Wood (organic),1,,,,
2025,MKD,Wood (organic),1,,,,
2025,MLT,Wood (organic),1,,,,
2025,MNE,Wood (organic),3,,,,
2025,NLD,Wood (organic),2,,,,
2025,NOR,Wood (organic),13,,,,
2025,NZL,Wood (organic),13,,,,
2025,OMN,Wood (organic),3,,,,
2025,PAK,Wood (organic),4,,,,
2025,PAN,Wood (organic),2,,,,
2025,POL,Wood (organic),0,,,,
2025,PRT,Wood (organic),1,,,,
2025,ROU,Wood (organic),3,,,,
2025,SEN,Wood (organic),2,,,,
2025,SGP,Wood (organic),6,,,,
2025,SLV,Wood (organic),0,,,,
2025,SRB,Wood (organic),3,,,,
2025,SVN,Wood (organic),8,,,,
2025,SWE,Wood (organic),3,,,,
2025,TKM,Wood (organic),3,,,,
2025,TZA,Wood (organic),30,,,,
2025,UGA,Wood (organic),2,,,,
2025,UKR,Wood (organic),1,,,,
2025,URY,Wood (organic),5,,,,
2025,USA,Wood (organic),6,,,,
2025,VIR,Wood (organic),8,,,,
2025,XKX,Wood (organic),7,,,,
2019,ARG,Yard garden green waste (organic),10,,,,
2019,AZE,Yard garden green waste (organic),10,,,,
2019,BEL,Yard garden green waste (organic),6,,,,
2019,BGD,Yard garden green waste (organic),1,,,,
2019,BGR,Yard garden green waste (organic),19,,,,
2019,BIH,Yard garden green waste (organic),2,,,,
2019,BRB,Yard garden green waste (organic),19,,,,
2019,BRN,Yard garden green waste (organic),6,,,,
2019,COM,Yard garden green waste (organic),10,,,,
2019,CYM,Yard garden green waste (organic),19,,,,
2019,DNK,Yard garden green waste (organic),31,,,,
2019,FJI,Yard garden green waste (organic),37,,,,
2019,GBR,Yard garden green waste (organic),3,,,,
2019,GTM,Yard garden green waste (organic),7,,,,
2019,HRV,Yard garden green waste (organic),6,,,,
2019,IRL,Yard garden green waste (organic),6,,,,
2019,IRQ,Yard garden green waste (organic),1,,,,
2019,ISL,Yard garden green waste (organic),14,,,,
2019,ISR,Yard garden green waste (organic),2,,,,
2019,KWT,Yard garden green waste (organic),1,,,,
2019,LAO,Yard garden green waste (organic),1,,,,
2019,MDV,Yard garden green waste (organic),65,,,,
2019,MHL,Yard garden green waste (organic),29,,,,
2019,MKD,Yard garden green waste (organic),16,,,,
2019,NOR,Yard garden green waste (organic),15,,,,
2019,OMN,Yard garden green waste (organic),5,,,,
2019,PLW,Yard garden green waste (organic),2,,,,
2019,PRT,Yard garden green waste (organic),2,,,,
2019,SMR,Yard garden green waste (organic),3,,,,
2019,SRB,Yard garden green waste (organic),12,,,,
2019,SWE,Yard garden green waste (organic),15,,,,
2019,TWN,Yard garden green waste (organic),4,,,,
2019,USA,Yard garden green waste (organic),13,,,,
2019,YEM,Yard garden green waste (organic),1,,,,
2025,AFG,Yard garden green waste (organic),2,,,,
2025,ARG,Yard garden green waste (organic),4,,,,
2025,ARM,Yard garden green waste (organic),10,,,,
2025,AUS,Yard garden green waste (organic),35,,,,
2025,BEL,Yard garden green waste (organic),2,,,,
2025,BGD,Yard garden green waste (organic),4,,,,
2025,BGR,Yard garden green waste (organic),13,,,,
2025,BRN,Yard garden green waste (organic),11,,,,
2025,BTN,Yard garden green waste (organic),1,,,,
2025,CAN,Yard garden green waste (organic),4,,,,
2025,CHE,Yard garden green waste (organic),1,,,,
2025,DNK,Yard garden green waste (organic),24,,,,
2025,ECU,Yard garden green waste (organic),29,,,,
2025,ESP,Yard garden green waste (organic),42,,,,
2025,FIN,Yard garden green waste (organic),2,,,,
2025,FRA,Yard garden green waste (organic),4,,,,
2025,GBR,Yard garden green waste (organic),17,,,,
2025,HKG,Yard garden green waste (organic),0,,,,
2025,HND,Yard garden green waste (organic),1,,,,
2025,HRV,Yard garden green waste (organic),6,,,,
2025,IRL,Yard garden green waste (organic),14,,,,
2025,IRQ,Yard garden green waste (organic),1,,,,
2025,JOR,Yard garden green waste (organic),1,,,,
2025,LTU,Yard garden green waste (organic),5,,,,
2025,MDA,Yard garden green waste (organic),16,,,,
2025,MDV,Yard garden green waste (organic),6,,,,
2025,MEX,Yard garden green waste (organic),11,,,,
2025,MLT,Yard garden green waste (organic),1,,,,
2025,MMR,Yard garden green waste (organic),54,,,,
2025,MNE,Yard garden green waste (organic),5,,,,
2025,MUS,Yard garden green waste (organic),32,,,,
2025,MYS,Yard garden green waste (organic),4,,,,
2025,NLD,Yard garden green waste (organic),3,,,,
2025,NOR,Yard garden green waste (organic),9,,,,
2025,NZL,Yard garden green waste (organic),6,,,,
2025,OMN,Yard garden green waste (organic),3,,,,
2025,PER,Yard garden green waste (organic),10,,,,
2025,PLW,Yard garden green waste (organic),2,,,,
2025,POL,Yard garden green waste (organic),5,,,,
2025,PRI,Yard garden green waste (organic),22,,,,
2025,PRT,Yard garden green waste (organic),2,,,,
2025,RUS,Yard garden green waste (organic),6,,,,
2025,SGP,Yard garden green waste (organic),3,,,,
2025,SVN,Yard garden green waste (organic),8,,,,
2025,SXM,Yard garden green waste (organic),20,,,,
2025,THA,Yard garden green waste (organic),1,,,,
2025,TTO,Yard garden green waste (organic),12,,,,
2025,TWN,Yard garden green waste (organic),4,,,,
2025,UGA,Yard garden green waste (organic),8,,,,
2025,USA,Yard garden green waste (organic),12,,,,
2025,UZB,Yard garden green waste (organic),13,,,,
2025,VIR,Yard garden green waste (organic),6,,,,
2025,WSM,Yard garden green waste (organic),19,,,,
