year,geo,value,projections,benchmark_low,benchmark_mid,benchmark_high
2010,WLD,770,,,,
2011,WLD,760,,,,
2012,WLD,750,,,,
2013,WLD,750,,,,
2014,WLD,730,,,,
2015,WLD,720,,,,
2016,WLD,730,,,,
2017,WLD,720,,,,
2018,WLD,700,,,,
2019,WLD,700,,,,
2020,WLD,700,,,,
2021,WLD,680,,,,
2022,WLD,670,,,,
2023,WLD,670,,,,
2028,WLD,, 630 ,,,
2030,WLD,,,,546.3,
2035,WLD,,,,489.8,
2050,WLD,,,,320.3,
2010,AFG,1480,,,,
2011,AFG,1500,,,,
2012,AFG,1460,,,,
2013,AFG,1430,,,,
2014,AFG,1500,,,,
2015,AFG,1230,,,,
2016,AFG,1340,,,,
2017,AFG,1390,,,,
2018,AFG,1330,,,,
2019,AFG,1400,,,,
2020,AFG,1300,,,,
2021,AFG,1300,,,,
2022,AFG,1310,,,,
2023,AFG,1240,,,,
2010,AGO,4220,,,,
2011,AGO,4320,,,,
2012,AGO,4220,,,,
2013,AGO,4160,,,,
2014,AGO,4340,,,,
2015,AGO,4210,,,,
2016,AGO,4130,,,,
2017,AGO,3980,,,,
2018,AGO,3830,,,,
2019,AGO,3600,,,,
2020,AGO,3680,,,,
2021,AGO,3040,,,,
2022,AGO,2890,,,,
2023,AGO,2910,,,,
2010,ALB,765,,,,
2011,ALB,744,,,,
2012,ALB,734,,,,
2013,ALB,727,,,,
2014,ALB,734,,,,
2015,ALB,729,,,,
2016,ALB,717,,,,
2017,ALB,694,,,,
2018,ALB,680,,,,
2019,ALB,664,,,,
2020,ALB,619,,,,
2021,ALB,622,,,,
2022,ALB,600,,,,
2023,ALB,588,,,,
2010,ARE,1460,,,,
2011,ARE,1550,,,,
2012,ARE,1420,,,,
2013,ARE,1480,,,,
2014,ARE,1460,,,,
2015,ARE,1450,,,,
2016,ARE,1420,,,,
2017,ARE,1450,,,,
2018,ARE,1400,,,,
2019,ARE,1420,,,,
2020,ARE,1300,,,,
2021,ARE,1390,,,,
2022,ARE,1300,,,,
2023,ARE,1210,,,,
2010,ARG,1370,,,,
2011,ARG,1320,,,,
2012,ARG,1340,,,,
2013,ARG,1320,,,,
2014,ARG,1270,,,,
2015,ARG,1180,,,,
2016,ARG,1270,,,,
2017,ARG,1250,,,,
2018,ARG,1180,,,,
2019,ARG,1160,,,,
2020,ARG,1080,,,,
2021,ARG,1050,,,,
2022,ARG,1010,,,,
2023,ARG,1020,,,,
2010,ARM,665,,,,
2011,ARM,657,,,,
2012,ARM,667,,,,
2013,ARM,684,,,,
2014,ARM,653,,,,
2015,ARM,616,,,,
2016,ARM,620,,,,
2017,ARM,573,,,,
2018,ARM,564,,,,
2019,ARM,571,,,,
2020,ARM,592,,,,
2021,ARM,594,,,,
2022,ARM,616,,,,
2023,ARM,589,,,,
2010,ATG,3470,,,,
2011,ATG,4040,,,,
2012,ATG,3580,,,,
2013,ATG,3900,,,,
2014,ATG,4090,,,,
2015,ATG,3850,,,,
2016,ATG,4150,,,,
2017,ATG,4340,,,,
2018,ATG,3930,,,,
2019,ATG,3600,,,,
2020,ATG,2510,,,,
2021,ATG,3510,,,,
2022,ATG,2720,,,,
2023,ATG,3470,,,,
2010,AUS,1630,,,,
2011,AUS,1690,,,,
2012,AUS,1700,,,,
2013,AUS,1660,,,,
2014,AUS,1560,,,,
2015,AUS,1500,,,,
2016,AUS,1450,,,,
2017,AUS,1580,,,,
2018,AUS,1510,,,,
2019,AUS,1420,,,,
2020,AUS,1430,,,,
2021,AUS,1540,,,,
2022,AUS,1630,,,,
2023,AUS,1680,,,,
2010,AUT,357,,,,
2011,AUT,353,,,,
2012,AUT,350,,,,
2013,AUT,342,,,,
2014,AUT,340,,,,
2015,AUT,339,,,,
2016,AUT,334,,,,
2017,AUT,331,,,,
2018,AUT,307,,,,
2019,AUT,310,,,,
2020,AUT,301,,,,
2021,AUT,314,,,,
2022,AUT,296,,,,
2023,AUT,308,,,,
2010,AZE,1240,,,,
2011,AZE,1180,,,,
2012,AZE,1140,,,,
2013,AZE,1120,,,,
2014,AZE,1120,,,,
2015,AZE,1090,,,,
2016,AZE,1030,,,,
2017,AZE,1010,,,,
2018,AZE,977,,,,
2019,AZE,950,,,,
2020,AZE,907,,,,
2021,AZE,908,,,,
2022,AZE,876,,,,
2023,AZE,812,,,,
2010,BEL,340,,,,
2011,BEL,344,,,,
2012,BEL,344,,,,
2013,BEL,335,,,,
2014,BEL,344,,,,
2015,BEL,319,,,,
2016,BEL,309,,,,
2017,BEL,302,,,,
2018,BEL,298,,,,
2019,BEL,267,,,,
2020,BEL,259,,,,
2021,BEL,251,,,,
2022,BEL,259,,,,
2023,BEL,248,,,,
2010,BFA,6800,,,,
2011,BFA,6770,,,,
2012,BFA,6780,,,,
2013,BFA,6750,,,,
2014,BFA,6600,,,,
2015,BFA,7180,,,,
2016,BFA,7160,,,,
2017,BFA,7510,,,,
2018,BFA,7590,,,,
2019,BFA,3420,,,,
2020,BFA,2900,,,,
2021,BFA,3890,,,,
2022,BFA,4250,,,,
2023,BFA,4240,,,,
2010,BGD,2150,,,,
2011,BGD,2130,,,,
2012,BGD,2120,,,,
2013,BGD,2120,,,,
2014,BGD,2050,,,,
2015,BGD,2040,,,,
2016,BGD,2030,,,,
2017,BGD,1950,,,,
2018,BGD,1950,,,,
2019,BGD,2020,,,,
2020,BGD,1930,,,,
2021,BGD,889,,,,
2022,BGD,836,,,,
2023,BGD,790,,,,
2010,BGR,424,,,,
2011,BGR,418,,,,
2012,BGR,414,,,,
2013,BGR,379,,,,
2014,BGR,448,,,,
2015,BGR,448,,,,
2016,BGR,451,,,,
2017,BGR,469,,,,
2018,BGR,452,,,,
2019,BGR,427,,,,
2020,BGR,468,,,,
2021,BGR,395,,,,
2022,BGR,374,,,,
2023,BGR,407,,,,
2019,BHR,190,,,,
2020,BHR,202,,,,
2021,BHR,196,,,,
2022,BHR,189,,,,
2023,BHR,170,,,,
2010,BHS,814,,,,
2011,BHS,797,,,,
2012,BHS,825,,,,
2013,BHS,809,,,,
2014,BHS,838,,,,
2015,BHS,847,,,,
2016,BHS,839,,,,
2017,BHS,857,,,,
2018,BHS,854,,,,
2019,BHS,997,,,,
2020,BHS,986,,,,
2021,BHS,1040,,,,
2022,BHS,1020,,,,
2023,BHS,1010,,,,
2010,BIH,970,,,,
2011,BIH,953,,,,
2012,BIH,945,,,,
2013,BIH,1010,,,,
2014,BIH,1020,,,,
2015,BIH,960,,,,
2016,BIH,962,,,,
2017,BIH,967,,,,
2018,BIH,977,,,,
2019,BIH,971,,,,
2020,BIH,977,,,,
2021,BIH,944,,,,
2022,BIH,860,,,,
2023,BIH,805,,,,
2010,BLR,312,,,,
2011,BLR,307,,,,
2012,BLR,291,,,,
2013,BLR,264,,,,
2014,BLR,279,,,,
2015,BLR,263,,,,
2016,BLR,244,,,,
2017,BLR,252,,,,
2018,BLR,241,,,,
2019,BLR,264,,,,
2020,BLR,246,,,,
2021,BLR,244,,,,
2022,BLR,250,,,,
2023,BLR,228,,,,
2010,BLZ,1530,,,,
2011,BLZ,1720,,,,
2012,BLZ,1800,,,,
2013,BLZ,1810,,,,
2014,BLZ,1400,,,,
2015,BLZ,1310,,,,
2016,BLZ,1340,,,,
2017,BLZ,1350,,,,
2018,BLZ,1360,,,,
2019,BLZ,1250,,,,
2020,BLZ,1400,,,,
2021,BLZ,1340,,,,
2022,BLZ,1270,,,,
2023,BLZ,1220,,,,
2010,BOL,3310,,,,
2011,BOL,3360,,,,
2012,BOL,3290,,,,
2013,BOL,3320,,,,
2014,BOL,3170,,,,
2015,BOL,2820,,,,
2016,BOL,2880,,,,
2017,BOL,2740,,,,
2018,BOL,2800,,,,
2019,BOL,2790,,,,
2020,BOL,2850,,,,
2021,BOL,2770,,,,
2022,BOL,2710,,,,
2023,BOL,2650,,,,
2010,BRA,1350,,,,
2011,BRA,1330,,,,
2012,BRA,1300,,,,
2013,BRA,1250,,,,
2014,BRA,1230,,,,
2015,BRA,1250,,,,
2016,BRA,1270,,,,
2017,BRA,1230,,,,
2018,BRA,1180,,,,
2019,BRA,1150,,,,
2020,BRA,1120,,,,
2021,BRA,1150,,,,
2022,BRA,1160,,,,
2023,BRA,1140,,,,
2010,BRB,497,,,,
2011,BRB,523,,,,
2012,BRB,525,,,,
2013,BRB,550,,,,
2014,BRB,551,,,,
2015,BRB,585,,,,
2016,BRB,615,,,,
2017,BRB,599,,,,
2018,BRB,626,,,,
2019,BRB,603,,,,
2020,BRB,628,,,,
2021,BRB,690,,,,
2022,BRB,600,,,,
2023,BRB,648,,,,
2019,BTN,1500,,,,
2020,BTN,1460,,,,
2021,BTN,1470,,,,
2022,BTN,1840,,,,
2023,BTN,1610,,,,
2010,BWA,7360,,,,
2011,BWA,6690,,,,
2012,BWA,5760,,,,
2013,BWA,5400,,,,
2014,BWA,5500,,,,
2015,BWA,5990,,,,
2016,BWA,5490,,,,
2017,BWA,3610,,,,
2018,BWA,3840,,,,
2019,BWA,3220,,,,
2020,BWA,4040,,,,
2021,BWA,2340,,,,
2022,BWA,2210,,,,
2023,BWA,2240,,,,
2010,CAN,699,,,,
2011,CAN,686,,,,
2012,CAN,681,,,,
2013,CAN,702,,,,
2014,CAN,667,,,,
2015,CAN,650,,,,
2016,CAN,653,,,,
2017,CAN,630,,,,
2018,CAN,611,,,,
2019,CAN,582,,,,
2020,CAN,536,,,,
2021,CAN,546,,,,
2022,CAN,548,,,,
2023,CAN,535,,,,
2010,CHE,344,,,,
2011,CHE,348,,,,
2012,CHE,338,,,,
2013,CHE,337,,,,
2014,CHE,342,,,,
2015,CHE,334,,,,
2016,CHE,335,,,,
2017,CHE,341,,,,
2018,CHE,339,,,,
2019,CHE,343,,,,
2020,CHE,340,,,,
2021,CHE,338,,,,
2022,CHE,347,,,,
2023,CHE,341,,,,
2010,CHL,578,,,,
2011,CHL,550,,,,
2012,CHL,565,,,,
2013,CHL,502,,,,
2014,CHL,472,,,,
2015,CHL,453,,,,
2016,CHL,450,,,,
2017,CHL,464,,,,
2018,CHL,424,,,,
2019,CHL,436,,,,
2020,CHL,431,,,,
2021,CHL,411,,,,
2022,CHL,408,,,,
2023,CHL,410,,,,
2010,CHN,464,,,,
2011,CHN,448,,,,
2012,CHN,432,,,,
2013,CHN,424,,,,
2014,CHN,411,,,,
2015,CHN,419,,,,
2016,CHN,426,,,,
2017,CHN,415,,,,
2018,CHN,411,,,,
2019,CHN,424,,,,
2020,CHN,451,,,,
2021,CHN,414,,,,
2022,CHN,408,,,,
2023,CHN,389,,,,
2010,CIV,2540,,,,
2011,CIV,2570,,,,
2012,CIV,2540,,,,
2013,CIV,2460,,,,
2014,CIV,2480,,,,
2015,CIV,2470,,,,
2016,CIV,2610,,,,
2017,CIV,2750,,,,
2018,CIV,2900,,,,
2019,CIV,2690,,,,
2020,CIV,2790,,,,
2021,CIV,3150,,,,
2022,CIV,2980,,,,
2023,CIV,2960,,,,
2010,CMR,4390,,,,
2011,CMR,4420,,,,
2012,CMR,4770,,,,
2013,CMR,4760,,,,
2014,CMR,4950,,,,
2015,CMR,4960,,,,
2016,CMR,5010,,,,
2017,CMR,5000,,,,
2018,CMR,4930,,,,
2019,CMR,4890,,,,
2020,CMR,4090,,,,
2021,CMR,3600,,,,
2022,CMR,3560,,,,
2023,CMR,3550,,,,
2010,COD,2510,,,,
2011,COD,2430,,,,
2012,COD,2540,,,,
2013,COD,2560,,,,
2014,COD,2600,,,,
2015,COD,2610,,,,
2016,COD,2620,,,,
2017,COD,2610,,,,
2018,COD,2640,,,,
2019,COD,2770,,,,
2020,COD,2840,,,,
2021,COD,2810,,,,
2022,COD,3130,,,,
2023,COD,3250,,,,
2010,COG,2420,,,,
2011,COG,2280,,,,
2012,COG,2140,,,,
2013,COG,2340,,,,
2014,COG,2410,,,,
2015,COG,2150,,,,
2016,COG,2090,,,,
2017,COG,2030,,,,
2018,COG,1990,,,,
2019,COG,2280,,,,
2020,COG,2140,,,,
2021,COG,2150,,,,
2022,COG,2160,,,,
2023,COG,2140,,,,
2010,COL,1400,,,,
2011,COL,1260,,,,
2012,COL,1070,,,,
2013,COL,1020,,,,
2014,COL,993,,,,
2015,COL,1010,,,,
2016,COL,1010,,,,
2017,COL,1090,,,,
2018,COL,1120,,,,
2019,COL,1170,,,,
2020,COL,1190,,,,
2021,COL,1250,,,,
2022,COL,1220,,,,
2023,COL,1200,,,,
2010,COM,2960,,,,
2011,COM,2620,,,,
2012,COM,2580,,,,
2013,COM,2670,,,,
2014,COM,2970,,,,
2015,COM,2960,,,,
2016,COM,3240,,,,
2017,COM,3010,,,,
2018,COM,3100,,,,
2019,COM,2430,,,,
2020,COM,2940,,,,
2021,COM,2740,,,,
2022,COM,3080,,,,
2023,COM,3040,,,,
2010,CPV,2270,,,,
2011,CPV,2130,,,,
2012,CPV,2160,,,,
2013,CPV,2190,,,,
2014,CPV,2340,,,,
2015,CPV,2440,,,,
2016,CPV,2220,,,,
2017,CPV,1920,,,,
2018,CPV,2000,,,,
2019,CPV,2450,,,,
2020,CPV,2180,,,,
2021,CPV,2450,,,,
2022,CPV,2250,,,,
2023,CPV,2220,,,,
2010,CRI,481,,,,
2011,CRI,454,,,,
2012,CRI,453,,,,
2013,CRI,427,,,,
2014,CRI,401,,,,
2015,CRI,401,,,,
2016,CRI,410,,,,
2017,CRI,422,,,,
2018,CRI,442,,,,
2019,CRI,446,,,,
2020,CRI,384,,,,
2021,CRI,562,,,,
2022,CRI,486,,,,
2023,CRI,578,,,,
2010,CUB,1910,,,,
2011,CUB,1890,,,,
2012,CUB,1940,,,,
2013,CUB,1850,,,,
2014,CUB,1870,,,,
2015,CUB,1930,,,,
2016,CUB,1730,,,,
2017,CUB,1720,,,,
2018,CUB,1700,,,,
2019,CUB,1740,,,,
2010,CYP,666,,,,
2011,CYP,556,,,,
2012,CYP,540,,,,
2013,CYP,581,,,,
2014,CYP,552,,,,
2015,CYP,546,,,,
2016,CYP,497,,,,
2017,CYP,488,,,,
2018,CYP,459,,,,
2019,CYP,365,,,,
2020,CYP,414,,,,
2021,CYP,348,,,,
2022,CYP,348,,,,
2023,CYP,224,,,,
2010,CZE,236,,,,
2011,CZE,232,,,,
2012,CZE,228,,,,
2013,CZE,229,,,,
2014,CZE,238,,,,
2015,CZE,236,,,,
2016,CZE,237,,,,
2017,CZE,240,,,,
2018,CZE,234,,,,
2019,CZE,239,,,,
2020,CZE,225,,,,
2021,CZE,200,,,,
2022,CZE,224,,,,
2023,CZE,215,,,,
2010,DEU,263,,,,
2011,DEU,258,,,,
2012,DEU,258,,,,
2013,DEU,257,,,,
2014,DEU,239,,,,
2015,DEU,234,,,,
2016,DEU,235,,,,
2017,DEU,240,,,,
2018,DEU,217,,,,
2019,DEU,218,,,,
2020,DEU,223,,,,
2021,DEU,204,,,,
2022,DEU,202,,,,
2023,DEU,209,,,,
2010,DJI,7080,,,,
2011,DJI,7070,,,,
2012,DJI,6840,,,,
2013,DJI,7130,,,,
2014,DJI,6660,,,,
2015,DJI,6780,,,,
2016,DJI,6790,,,,
2017,DJI,7300,,,,
2018,DJI,7310,,,,
2019,DJI,6780,,,,
2020,DJI,7220,,,,
2021,DJI,7190,,,,
2022,DJI,7120,,,,
2023,DJI,6830,,,,
2010,DNK,427,,,,
2011,DNK,400,,,,
2012,DNK,396,,,,
2013,DNK,397,,,,
2014,DNK,399,,,,
2015,DNK,376,,,,
2016,DNK,376,,,,
2017,DNK,389,,,,
2018,DNK,374,,,,
2019,DNK,416,,,,
2020,DNK,424,,,,
2021,DNK,416,,,,
2022,DNK,402,,,,
2023,DNK,436,,,,
2010,DOM,1330,,,,
2011,DOM,1240,,,,
2012,DOM,1340,,,,
2013,DOM,1260,,,,
2014,DOM,1320,,,,
2015,DOM,1240,,,,
2016,DOM,1170,,,,
2017,DOM,1180,,,,
2018,DOM,1130,,,,
2019,DOM,1090,,,,
2020,DOM,1130,,,,
2021,DOM,1140,,,,
2022,DOM,1060,,,,
2023,DOM,1060,,,,
2010,DZA,1040,,,,
2011,DZA,970,,,,
2012,DZA,966,,,,
2013,DZA,959,,,,
2014,DZA,971,,,,
2015,DZA,1070,,,,
2016,DZA,1020,,,,
2017,DZA,1040,,,,
2018,DZA,1150,,,,
2019,DZA,1080,,,,
2020,DZA,1140,,,,
2021,DZA,1150,,,,
2022,DZA,1070,,,,
2023,DZA,1080,,,,
2010,ECU,859,,,,
2011,ECU,786,,,,
2012,ECU,792,,,,
2013,ECU,740,,,,
2014,ECU,660,,,,
2015,ECU,648,,,,
2016,ECU,699,,,,
2017,ECU,702,,,,
2018,ECU,682,,,,
2019,ECU,691,,,,
2020,ECU,679,,,,
2021,ECU,607,,,,
2022,ECU,595,,,,
2023,ECU,562,,,,
2010,EGY,648,,,,
2011,EGY,678,,,,
2012,EGY,667,,,,
2013,EGY,675,,,,
2014,EGY,657,,,,
2015,EGY,681,,,,
2016,EGY,707,,,,
2017,EGY,619,,,,
2018,EGY,606,,,,
2019,EGY,426,,,,
2020,EGY,383,,,,
2021,EGY,364,,,,
2022,EGY,367,,,,
2023,EGY,361,,,,
2010,ESP,646,,,,
2011,ESP,616,,,,
2012,ESP,617,,,,
2013,ESP,622,,,,
2014,ESP,608,,,,
2015,ESP,610,,,,
2016,ESP,585,,,,
2017,ESP,590,,,,
2018,ESP,553,,,,
2019,ESP,535,,,,
2020,ESP,544,,,,
2021,ESP,531,,,,
2022,ESP,522,,,,
2023,ESP,524,,,,
2010,EST,337,,,,
2011,EST,321,,,,
2012,EST,349,,,,
2013,EST,321,,,,
2014,EST,364,,,,
2015,EST,348,,,,
2016,EST,302,,,,
2017,EST,321,,,,
2018,EST,305,,,,
2019,EST,269,,,,
2020,EST,270,,,,
2021,EST,270,,,,
2022,EST,262,,,,
2023,EST,253,,,,
2010,ETH,5770,,,,
2011,ETH,6430,,,,
2012,ETH,6380,,,,
2013,ETH,6930,,,,
2014,ETH,7170,,,,
2015,ETH,7310,,,,
2016,ETH,7680,,,,
2017,ETH,7850,,,,
2018,ETH,7840,,,,
2019,ETH,7430,,,,
2020,ETH,6930,,,,
2021,ETH,7530,,,,
2022,ETH,7370,,,,
2023,ETH,7490,,,,
2010,FIN,307,,,,
2011,FIN,308,,,,
2012,FIN,312,,,,
2013,FIN,280,,,,
2014,FIN,330,,,,
2015,FIN,314,,,,
2016,FIN,311,,,,
2017,FIN,303,,,,
2018,FIN,281,,,,
2019,FIN,234,,,,
2020,FIN,232,,,,
2021,FIN,234,,,,
2022,FIN,236,,,,
2023,FIN,232,,,,
2010,FJI,4930,,,,
2011,FJI,4210,,,,
2012,FJI,4060,,,,
2013,FJI,4580,,,,
2014,FJI,2220,,,,
2015,FJI,2090,,,,
2016,FJI,2710,,,,
2017,FJI,1780,,,,
2018,FJI,1890,,,,
2019,FJI,2330,,,,
2020,FJI,2190,,,,
2021,FJI,2140,,,,
2022,FJI,1710,,,,
2023,FJI,1750,,,,
2010,FRA,455,,,,
2011,FRA,441,,,,
2012,FRA,447,,,,
2013,FRA,451,,,,
2014,FRA,440,,,,
2015,FRA,403,,,,
2016,FRA,389,,,,
2017,FRA,390,,,,
2018,FRA,386,,,,
2019,FRA,403,,,,
2020,FRA,391,,,,
2021,FRA,388,,,,
2022,FRA,376,,,,
2023,FRA,380,,,,
2019,FSM,13600,,,,
2020,FSM,13200,,,,
2021,FSM,12100,,,,
2022,FSM,13100,,,,
2023,FSM,13100,,,,
2010,GAB,1300,,,,
2011,GAB,1280,,,,
2012,GAB,1240,,,,
2013,GAB,1210,,,,
2014,GAB,1240,,,,
2015,GAB,1260,,,,
2016,GAB,1230,,,,
2017,GAB,1200,,,,
2018,GAB,1230,,,,
2019,GAB,1210,,,,
2020,GAB,1210,,,,
2021,GAB,1190,,,,
2022,GAB,1220,,,,
2023,GAB,1200,,,,
2010,GBR,532,,,,
2011,GBR,523,,,,
2012,GBR,528,,,,
2013,GBR,528,,,,
2014,GBR,558,,,,
2015,GBR,552,,,,
2016,GBR,554,,,,
2017,GBR,539,,,,
2018,GBR,542,,,,
2019,GBR,507,,,,
2020,GBR,446,,,,
2021,GBR,470,,,,
2022,GBR,475,,,,
2023,GBR,445,,,,
2010,GEO,1220,,,,
2011,GEO,1300,,,,
2012,GEO,1450,,,,
2013,GEO,1420,,,,
2014,GEO,1420,,,,
2015,GEO,1190,,,,
2016,GEO,1260,,,,
2017,GEO,1230,,,,
2018,GEO,1120,,,,
2019,GEO,1070,,,,
2020,GEO,1060,,,,
2021,GEO,1100,,,,
2022,GEO,1100,,,,
2023,GEO,999,,,,
2010,GHA,3620,,,,
2011,GHA,3620,,,,
2012,GHA,3690,,,,
2013,GHA,3770,,,,
2014,GHA,3870,,,,
2015,GHA,3830,,,,
2016,GHA,3960,,,,
2017,GHA,4070,,,,
2018,GHA,4030,,,,
2019,GHA,4080,,,,
2020,GHA,4330,,,,
2021,GHA,4290,,,,
2022,GHA,4020,,,,
2023,GHA,4180,,,,
2010,GIN,7020,,,,
2011,GIN,6990,,,,
2012,GIN,7070,,,,
2013,GIN,6940,,,,
2014,GIN,7110,,,,
2015,GIN,7330,,,,
2016,GIN,7360,,,,
2017,GIN,7210,,,,
2018,GIN,7670,,,,
2019,GIN,7140,,,,
2020,GIN,7040,,,,
2021,GIN,9140,,,,
2022,GIN,9250,,,,
2023,GIN,8800,,,,
2010,GMB,3830,,,,
2011,GMB,3470,,,,
2012,GMB,3070,,,,
2013,GMB,3410,,,,
2014,GMB,4030,,,,
2015,GMB,3860,,,,
2016,GMB,4290,,,,
2017,GMB,3460,,,,
2018,GMB,3440,,,,
2019,GMB,3450,,,,
2020,GMB,3890,,,,
2021,GMB,4830,,,,
2022,GMB,4850,,,,
2023,GMB,4270,,,,
2010,GNB,5140,,,,
2011,GNB,5440,,,,
2012,GNB,5140,,,,
2013,GNB,4930,,,,
2014,GNB,5230,,,,
2015,GNB,5130,,,,
2016,GNB,5020,,,,
2017,GNB,5040,,,,
2018,GNB,5000,,,,
2019,GNB,5470,,,,
2020,GNB,5560,,,,
2021,GNB,6070,,,,
2022,GNB,6220,,,,
2023,GNB,6230,,,,
2010,GRC,847,,,,
2011,GRC,894,,,,
2012,GRC,839,,,,
2013,GRC,808,,,,
2014,GRC,834,,,,
2015,GRC,814,,,,
2016,GRC,829,,,,
2017,GRC,783,,,,
2018,GRC,742,,,,
2019,GRC,642,,,,
2020,GRC,620,,,,
2021,GRC,609,,,,
2022,GRC,579,,,,
2023,GRC,636,,,,
2010,GRD,1780,,,,
2011,GRD,1730,,,,
2012,GRD,1740,,,,
2013,GRD,1900,,,,
2014,GRD,1940,,,,
2015,GRD,1840,,,,
2016,GRD,2070,,,,
2017,GRD,2080,,,,
2018,GRD,2080,,,,
2019,GRD,1080,,,,
2020,GRD,1150,,,,
2021,GRD,1500,,,,
2022,GRD,901,,,,
2023,GRD,1090,,,,
2010,GTM,1350,,,,
2011,GTM,1250,,,,
2012,GTM,1300,,,,
2013,GTM,1280,,,,
2014,GTM,1240,,,,
2015,GTM,1240,,,,
2016,GTM,1210,,,,
2017,GTM,1300,,,,
2018,GTM,1300,,,,
2019,GTM,1260,,,,
2020,GTM,1120,,,,
2021,GTM,1100,,,,
2022,GTM,945,,,,
2023,GTM,918,,,,
2010,GUY,2180,,,,
2011,GUY,1760,,,,
2012,GUY,1780,,,,
2013,GUY,1730,,,,
2014,GUY,1600,,,,
2015,GUY,1590,,,,
2016,GUY,1660,,,,
2017,GUY,1760,,,,
2018,GUY,1430,,,,
2019,GUY,1330,,,,
2020,GUY,1290,,,,
2021,GUY,1220,,,,
2022,GUY,1120,,,,
2023,GUY,1070,,,,
2010,HND,1370,,,,
2011,HND,1390,,,,
2012,HND,1360,,,,
2013,HND,1370,,,,
2014,HND,1360,,,,
2015,HND,1340,,,,
2016,HND,1320,,,,
2017,HND,1330,,,,
2018,HND,1360,,,,
2019,HND,1360,,,,
2020,HND,1380,,,,
2021,HND,1300,,,,
2022,HND,1320,,,,
2023,HND,1330,,,,
2010,HRV,589,,,,
2011,HRV,589,,,,
2012,HRV,573,,,,
2013,HRV,598,,,,
2014,HRV,645,,,,
2015,HRV,633,,,,
2016,HRV,639,,,,
2017,HRV,621,,,,
2018,HRV,591,,,,
2019,HRV,498,,,,
2020,HRV,504,,,,
2021,HRV,491,,,,
2022,HRV,489,,,,
2023,HRV,475,,,,
2010,HTI,3410,,,,
2011,HTI,3350,,,,
2012,HTI,3320,,,,
2013,HTI,3320,,,,
2014,HTI,3470,,,,
2015,HTI,3380,,,,
2016,HTI,3400,,,,
2017,HTI,3340,,,,
2018,HTI,3230,,,,
2019,HTI,3470,,,,
2020,HTI,3360,,,,
2021,HTI,3370,,,,
2022,HTI,3390,,,,
2023,HTI,3450,,,,
2010,HUN,300,,,,
2011,HUN,296,,,,
2012,HUN,278,,,,
2013,HUN,297,,,,
2014,HUN,281,,,,
2015,HUN,265,,,,
2016,HUN,264,,,,
2017,HUN,253,,,,
2018,HUN,242,,,,
2019,HUN,252,,,,
2020,HUN,267,,,,
2021,HUN,250,,,,
2022,HUN,262,,,,
2023,HUN,260,,,,
2010,IDN,2140,,,,
2011,IDN,2170,,,,
2012,IDN,2220,,,,
2013,IDN,1980,,,,
2014,IDN,2080,,,,
2015,IDN,2030,,,,
2016,IDN,1940,,,,
2017,IDN,1540,,,,
2018,IDN,1550,,,,
2019,IDN,1520,,,,
2020,IDN,1470,,,,
2021,IDN,1390,,,,
2022,IDN,1330,,,,
2023,IDN,1310,,,,
2010,IND,572,,,,
2011,IND,551,,,,
2012,IND,531,,,,
2013,IND,512,,,,
2014,IND,490,,,,
2015,IND,474,,,,
2016,IND,456,,,,
2017,IND,433,,,,
2018,IND,414,,,,
2019,IND,397,,,,
2020,IND,390,,,,
2021,IND,365,,,,
2022,IND,353,,,,
2023,IND,346,,,,
2010,IRL,581,,,,
2011,IRL,571,,,,
2012,IRL,617,,,,
2013,IRL,608,,,,
2014,IRL,595,,,,
2015,IRL,577,,,,
2016,IRL,584,,,,
2017,IRL,551,,,,
2018,IRL,503,,,,
2019,IRL,448,,,,
2020,IRL,443,,,,
2021,IRL,420,,,,
2022,IRL,470,,,,
2023,IRL,424,,,,
2010,IRN,653,,,,
2011,IRN,609,,,,
2012,IRN,596,,,,
2013,IRN,557,,,,
2014,IRN,434,,,,
2015,IRN,572,,,,
2016,IRN,555,,,,
2017,IRN,494,,,,
2018,IRN,511,,,,
2019,IRN,555,,,,
2020,IRN,580,,,,
2021,IRN,597,,,,
2022,IRN,631,,,,
2023,IRN,609,,,,
2010,IRQ,3460,,,,
2011,IRQ,3470,,,,
2012,IRQ,3090,,,,
2013,IRQ,3190,,,,
2014,IRQ,4000,,,,
2015,IRQ,3280,,,,
2016,IRQ,3270,,,,
2017,IRQ,3300,,,,
2018,IRQ,3150,,,,
2019,IRQ,2920,,,,
2020,IRQ,3000,,,,
2021,IRQ,3030,,,,
2022,IRQ,3420,,,,
2023,IRQ,3330,,,,
2010,ISL,599,,,,
2011,ISL,574,,,,
2012,ISL,535,,,,
2013,ISL,535,,,,
2014,ISL,521,,,,
2015,ISL,502,,,,
2016,ISL,468,,,,
2017,ISL,459,,,,
2018,ISL,460,,,,
2019,ISL,436,,,,
2020,ISL,418,,,,
2021,ISL,432,,,,
2022,ISL,418,,,,
2023,ISL,417,,,,
2010,ISR,248,,,,
2011,ISR,236,,,,
2012,ISR,232,,,,
2013,ISR,234,,,,
2014,ISR,227,,,,
2015,ISR,245,,,,
2016,ISR,225,,,,
2017,ISR,226,,,,
2018,ISR,227,,,,
2019,ISR,234,,,,
2020,ISR,216,,,,
2021,ISR,216,,,,
2022,ISR,217,,,,
2023,ISR,210,,,,
2010,ITA,461,,,,
2011,ITA,462,,,,
2012,ITA,457,,,,
2013,ITA,463,,,,
2014,ITA,481,,,,
2015,ITA,475,,,,
2016,ITA,481,,,,
2017,ITA,471,,,,
2018,ITA,438,,,,
2019,ITA,381,,,,
2020,ITA,420,,,,
2021,ITA,373,,,,
2022,ITA,375,,,,
2023,ITA,381,,,,
2010,JAM,568,,,,
2011,JAM,548,,,,
2012,JAM,557,,,,
2013,JAM,527,,,,
2014,JAM,529,,,,
2015,JAM,510,,,,
2016,JAM,474,,,,
2017,JAM,477,,,,
2018,JAM,482,,,,
2019,JAM,484,,,,
2020,JAM,526,,,,
2021,JAM,530,,,,
2022,JAM,488,,,,
2023,JAM,475,,,,
2010,JOR,690,,,,
2011,JOR,699,,,,
2012,JOR,677,,,,
2013,JOR,731,,,,
2014,JOR,754,,,,
2015,JOR,699,,,,
2016,JOR,753,,,,
2017,JOR,726,,,,
2018,JOR,566,,,,
2019,JOR,546,,,,
2020,JOR,546,,,,
2021,JOR,531,,,,
2022,JOR,467,,,,
2023,JOR,487,,,,
2010,KAZ,1190,,,,
2011,KAZ,1240,,,,
2012,KAZ,1270,,,,
2013,KAZ,1240,,,,
2014,KAZ,1210,,,,
2015,KAZ,1240,,,,
2016,KAZ,1250,,,,
2017,KAZ,1240,,,,
2018,KAZ,1280,,,,
2019,KAZ,1090,,,,
2020,KAZ,1100,,,,
2021,KAZ,1100,,,,
2022,KAZ,1140,,,,
2023,KAZ,1090,,,,
2010,KEN,2470,,,,
2011,KEN,2540,,,,
2012,KEN,2500,,,,
2013,KEN,2490,,,,
2014,KEN,2650,,,,
2015,KEN,2580,,,,
2016,KEN,2540,,,,
2017,KEN,2430,,,,
2018,KEN,2620,,,,
2019,KEN,2960,,,,
2020,KEN,3460,,,,
2021,KEN,2890,,,,
2022,KEN,2680,,,,
2023,KEN,2790,,,,
2010,KGZ,701,,,,
2011,KGZ,736,,,,
2012,KGZ,736,,,,
2013,KGZ,741,,,,
2014,KGZ,729,,,,
2015,KGZ,736,,,,
2016,KGZ,711,,,,
2017,KGZ,717,,,,
2018,KGZ,728,,,,
2019,KGZ,706,,,,
2020,KGZ,696,,,,
2021,KGZ,713,,,,
2022,KGZ,678,,,,
2023,KGZ,693,,,,
2010,KHM,4140,,,,
2011,KHM,4000,,,,
2012,KHM,3860,,,,
2013,KHM,3830,,,,
2014,KHM,3720,,,,
2015,KHM,3720,,,,
2016,KHM,3750,,,,
2017,KHM,3720,,,,
2018,KHM,3780,,,,
2019,KHM,4080,,,,
2020,KHM,3770,,,,
2021,KHM,3700,,,,
2022,KHM,3880,,,,
2023,KHM,3700,,,,
2010,KIR,1550,,,,
2011,KIR,2010,,,,
2012,KIR,1530,,,,
2013,KIR,1810,,,,
2014,KIR,2000,,,,
2015,KIR,1830,,,,
2016,KIR,1480,,,,
2017,KIR,2020,,,,
2018,KIR,1660,,,,
2019,KIR,1600,,,,
2020,KIR,1860,,,,
2021,KIR,1870,,,,
2022,KIR,2020,,,,
2023,KIR,1910,,,,
2010,KOR,356,,,,
2011,KOR,395,,,,
2012,KOR,360,,,,
2013,KOR,327,,,,
2014,KOR,315,,,,
2015,KOR,319,,,,
2016,KOR,326,,,,
2017,KOR,338,,,,
2018,KOR,314,,,,
2019,KOR,343,,,,
2020,KOR,328,,,,
2021,KOR,339,,,,
2022,KOR,340,,,,
2023,KOR,334,,,,
2010,KWT,842,,,,
2011,KWT,927,,,,
2012,KWT,938,,,,
2013,KWT,935,,,,
2014,KWT,855,,,,
2015,KWT,842,,,,
2016,KWT,862,,,,
2017,KWT,866,,,,
2018,KWT,881,,,,
2019,KWT,867,,,,
2020,KWT,853,,,,
2021,KWT,865,,,,
2022,KWT,888,,,,
2023,KWT,889,,,,
2010,LAO,5100,,,,
2011,LAO,5150,,,,
2012,LAO,5050,,,,
2013,LAO,5040,,,,
2014,LAO,4950,,,,
2015,LAO,4830,,,,
2016,LAO,4670,,,,
2017,LAO,4740,,,,
2018,LAO,4730,,,,
2019,LAO,4640,,,,
2020,LAO,4520,,,,
2021,LAO,4560,,,,
2022,LAO,4580,,,,
2023,LAO,4610,,,,
2010,LBN,640,,,,
2011,LBN,777,,,,
2012,LBN,822,,,,
2013,LBN,722,,,,
2014,LBN,694,,,,
2015,LBN,676,,,,
2016,LBN,734,,,,
2017,LBN,716,,,,
2018,LBN,665,,,,
2019,LBN,703,,,,
2020,LBN,696,,,,
2021,LBN,646,,,,
2022,LBN,688,,,,
2023,LBN,663,,,,
2010,LBR,1840,,,,
2011,LBR,1820,,,,
2012,LBR,1830,,,,
2013,LBR,1900,,,,
2014,LBR,1820,,,,
2015,LBR,1840,,,,
2016,LBR,1690,,,,
2017,LBR,1690,,,,
2018,LBR,1620,,,,
2019,LBR,1640,,,,
2020,LBR,1780,,,,
2021,LBR,1830,,,,
2022,LBR,1830,,,,
2023,LBR,1820,,,,
2010,LBY,2080,,,,
2011,LBY,2160,,,,
2012,LBY,2150,,,,
2013,LBY,2330,,,,
2014,LBY,2210,,,,
2015,LBY,2120,,,,
2016,LBY,2020,,,,
2017,LBY,1970,,,,
2018,LBY,2120,,,,
2019,LBY,2210,,,,
2020,LBY,2210,,,,
2021,LBY,2200,,,,
2022,LBY,2260,,,,
2023,LBY,2240,,,,
2010,LCA,1730,,,,
2011,LCA,1650,,,,
2012,LCA,1690,,,,
2013,LCA,3690,,,,
2014,LCA,1160,,,,
2015,LCA,940,,,,
2016,LCA,1170,,,,
2017,LCA,1210,,,,
2018,LCA,1190,,,,
2019,LCA,2140,,,,
2020,LCA,2020,,,,
2021,LCA,1870,,,,
2022,LCA,1790,,,,
2023,LCA,1920,,,,
2010,LKA,979,,,,
2011,LKA,982,,,,
2012,LKA,779,,,,
2013,LKA,746,,,,
2014,LKA,715,,,,
2015,LKA,580,,,,
2016,LKA,514,,,,
2017,LKA,519,,,,
2018,LKA,515,,,,
2019,LKA,504,,,,
2020,LKA,522,,,,
2021,LKA,510,,,,
2022,LKA,516,,,,
2023,LKA,498,,,,
2010,LSO,3480,,,,
2011,LSO,2900,,,,
2012,LSO,2910,,,,
2013,LSO,2670,,,,
2014,LSO,2850,,,,
2015,LSO,2950,,,,
2016,LSO,2750,,,,
2017,LSO,3090,,,,
2018,LSO,2850,,,,
2019,LSO,2860,,,,
2020,LSO,2080,,,,
2021,LSO,2300,,,,
2022,LSO,4420,,,,
2023,LSO,3030,,,,
2010,LTU,342,,,,
2011,LTU,305,,,,
2012,LTU,259,,,,
2013,LTU,304,,,,
2014,LTU,327,,,,
2015,LTU,277,,,,
2016,LTU,285,,,,
2017,LTU,294,,,,
2018,LTU,281,,,,
2019,LTU,320,,,,
2020,LTU,308,,,,
2021,LTU,357,,,,
2022,LTU,361,,,,
2023,LTU,361,,,,
2010,LUX,515,,,,
2011,LUX,453,,,,
2012,LUX,487,,,,
2013,LUX,545,,,,
2014,LUX,488,,,,
2015,LUX,467,,,,
2016,LUX,424,,,,
2017,LUX,457,,,,
2018,LUX,410,,,,
2019,LUX,405,,,,
2020,LUX,380,,,,
2021,LUX,354,,,,
2022,LUX,356,,,,
2023,LUX,335,,,,
2010,LVA,374,,,,
2011,LVA,383,,,,
2012,LVA,372,,,,
2013,LVA,386,,,,
2014,LVA,383,,,,
2015,LVA,379,,,,
2016,LVA,361,,,,
2017,LVA,345,,,,
2018,LVA,350,,,,
2019,LVA,349,,,,
2020,LVA,370,,,,
2021,LVA,367,,,,
2022,LVA,391,,,,
2023,LVA,370,,,,
2010,MAC,66,,,,
2011,MAC,59,,,,
2012,MAC,62,,,,
2013,MAC,63,,,,
2014,MAC,62,,,,
2015,MAC,70,,,,
2016,MAC,71,,,,
2017,MAC,70,,,,
2018,MAC,74,,,,
2019,MAC,131,,,,
2020,MAC,142,,,,
2021,MAC,141,,,,
2022,MAC,144,,,,
2023,MAC,147,,,,
2010,MAR,1050,,,,
2011,MAR,991,,,,
2012,MAR,892,,,,
2013,MAR,971,,,,
2014,MAR,942,,,,
2015,MAR,903,,,,
2016,MAR,932,,,,
2017,MAR,878,,,,
2018,MAR,899,,,,
2019,MAR,896,,,,
2020,MAR,946,,,,
2021,MAR,981,,,,
2022,MAR,1140,,,,
2023,MAR,1130,,,,
2010,MDA,329,,,,
2011,MDA,370,,,,
2012,MDA,354,,,,
2013,MDA,345,,,,
2014,MDA,337,,,,
2015,MDA,325,,,,
2016,MDA,321,,,,
2017,MDA,375,,,,
2018,MDA,402,,,,
2019,MDA,415,,,,
2020,MDA,353,,,,
2021,MDA,518,,,,
2022,MDA,530,,,,
2023,MDA,552,,,,
2010,MDG,6370,,,,
2011,MDG,6450,,,,
2012,MDG,6370,,,,
2013,MDG,6350,,,,
2014,MDG,6620,,,,
2015,MDG,6720,,,,
2016,MDG,6680,,,,
2017,MDG,6720,,,,
2018,MDG,5880,,,,
2019,MDG,6780,,,,
2020,MDG,6460,,,,
2021,MDG,5810,,,,
2022,MDG,6270,,,,
2023,MDG,6550,,,,
2010,MEX,971,,,,
2011,MEX,957,,,,
2012,MEX,936,,,,
2013,MEX,931,,,,
2014,MEX,929,,,,
2015,MEX,924,,,,
2016,MEX,910,,,,
2017,MEX,895,,,,
2018,MEX,881,,,,
2019,MEX,855,,,,
2020,MEX,842,,,,
2021,MEX,821,,,,
2022,MEX,816,,,,
2023,MEX,804,,,,
2010,MKD,729,,,,
2011,MKD,762,,,,
2012,MKD,739,,,,
2013,MKD,725,,,,
2014,MKD,764,,,,
2015,MKD,841,,,,
2016,MKD,796,,,,
2017,MKD,826,,,,
2018,MKD,843,,,,
2019,MKD,786,,,,
2020,MKD,742,,,,
2021,MKD,816,,,,
2022,MKD,773,,,,
2023,MKD,941,,,,
2010,MLT,605,,,,
2011,MLT,537,,,,
2012,MLT,611,,,,
2013,MLT,624,,,,
2014,MLT,752,,,,
2015,MLT,606,,,,
2016,MLT,583,,,,
2017,MLT,539,,,,
2018,MLT,522,,,,
2019,MLT,481,,,,
2020,MLT,548,,,,
2021,MLT,586,,,,
2022,MLT,552,,,,
2023,MLT,494,,,,
2010,MMR,1720,,,,
2011,MMR,1660,,,,
2012,MMR,1650,,,,
2013,MMR,1580,,,,
2014,MMR,1490,,,,
2015,MMR,1490,,,,
2016,MMR,1520,,,,
2017,MMR,1610,,,,
2018,MMR,663,,,,
2019,MMR,680,,,,
2020,MMR,2240,,,,
2021,MMR,2400,,,,
2022,MMR,2320,,,,
2023,MMR,2340,,,,
2010,MNE,929,,,,
2011,MNE,647,,,,
2012,MNE,875,,,,
2013,MNE,834,,,,
2014,MNE,792,,,,
2015,MNE,839,,,,
2016,MNE,835,,,,
2017,MNE,868,,,,
2018,MNE,897,,,,
2019,MNE,802,,,,
2020,MNE,682,,,,
2021,MNE,693,,,,
2022,MNE,735,,,,
2023,MNE,772,,,,
2010,MNG,3790,,,,
2011,MNG,3690,,,,
2012,MNG,3840,,,,
2013,MNG,3780,,,,
2014,MNG,4400,,,,
2015,MNG,3760,,,,
2016,MNG,4390,,,,
2017,MNG,4620,,,,
2018,MNG,4230,,,,
2019,MNG,4390,,,,
2020,MNG,3540,,,,
2021,MNG,4810,,,,
2022,MNG,4080,,,,
2023,MNG,4080,,,,
2010,MOZ,1690,,,,
2011,MOZ,1690,,,,
2012,MOZ,1700,,,,
2013,MOZ,1640,,,,
2014,MOZ,1700,,,,
2015,MOZ,1530,,,,
2016,MOZ,1860,,,,
2017,MOZ,1270,,,,
2018,MOZ,1610,,,,
2019,MOZ,1780,,,,
2020,MOZ,2500,,,,
2021,MOZ,2880,,,,
2022,MOZ,2110,,,,
2023,MOZ,2800,,,,
2010,MRT,5570,,,,
2011,MRT,5580,,,,
2012,MRT,5630,,,,
2013,MRT,5800,,,,
2014,MRT,5580,,,,
2015,MRT,5660,,,,
2016,MRT,5530,,,,
2017,MRT,5710,,,,
2018,MRT,5400,,,,
2019,MRT,5880,,,,
2020,MRT,5710,,,,
2021,MRT,5700,,,,
2022,MRT,5560,,,,
2023,MRT,5460,,,,
2010,MUS,738,,,,
2011,MUS,707,,,,
2012,MUS,725,,,,
2013,MUS,715,,,,
2014,MUS,703,,,,
2015,MUS,737,,,,
2016,MUS,749,,,,
2017,MUS,727,,,,
2018,MUS,714,,,,
2019,MUS,697,,,,
2020,MUS,769,,,,
2021,MUS,765,,,,
2022,MUS,661,,,,
2023,MUS,654,,,,
2010,MWI,3370,,,,
2011,MWI,2880,,,,
2012,MWI,2520,,,,
2013,MWI,2420,,,,
2014,MWI,2250,,,,
2015,MWI,2200,,,,
2016,MWI,2120,,,,
2017,MWI,1900,,,,
2018,MWI,1810,,,,
2019,MWI,2350,,,,
2020,MWI,2070,,,,
2021,MWI,2070,,,,
2022,MWI,2050,,,,
2023,MWI,2150,,,,
2010,MYS,294,,,,
2011,MYS,276,,,,
2012,MYS,299,,,,
2013,MYS,302,,,,
2014,MYS,281,,,,
2015,MYS,276,,,,
2016,MYS,243,,,,
2017,MYS,274,,,,
2018,MYS,251,,,,
2019,MYS,251,,,,
2020,MYS,247,,,,
2021,MYS,254,,,,
2022,MYS,271,,,,
2023,MYS,264,,,,
2010,NAM,5910,,,,
2011,NAM,5860,,,,
2012,NAM,6860,,,,
2013,NAM,6240,,,,
2014,NAM,6240,,,,
2015,NAM,6600,,,,
2016,NAM,7180,,,,
2017,NAM,6780,,,,
2018,NAM,6470,,,,
2019,NAM,6580,,,,
2020,NAM,5920,,,,
2021,NAM,6630,,,,
2022,NAM,7150,,,,
2023,NAM,6710,,,,
2010,NCL,5310,,,,
2011,NCL,5000,,,,
2012,NCL,4030,,,,
2013,NCL,4570,,,,
2014,NCL,4120,,,,
2015,NCL,3400,,,,
2016,NCL,5010,,,,
2017,NCL,4660,,,,
2018,NCL,4450,,,,
2019,NCL,4430,,,,
2020,NCL,4060,,,,
2021,NCL,4020,,,,
2022,NCL,4140,,,,
2023,NCL,4080,,,,
2010,NER,6010,,,,
2011,NER,6350,,,,
2012,NER,6340,,,,
2013,NER,7220,,,,
2014,NER,6830,,,,
2015,NER,6320,,,,
2016,NER,6430,,,,
2017,NER,6430,,,,
2018,NER,6490,,,,
2019,NER,6570,,,,
2020,NER,6050,,,,
2021,NER,6620,,,,
2022,NER,6800,,,,
2023,NER,6420,,,,
2010,NGA,4430,,,,
2011,NGA,4810,,,,
2012,NGA,5160,,,,
2013,NGA,4900,,,,
2014,NGA,4970,,,,
2015,NGA,4980,,,,
2016,NGA,5260,,,,
2017,NGA,5200,,,,
2018,NGA,5240,,,,
2019,NGA,5390,,,,
2020,NGA,5470,,,,
2021,NGA,5260,,,,
2022,NGA,5250,,,,
2023,NGA,5280,,,,
2010,NIC,1640,,,,
2011,NIC,1740,,,,
2012,NIC,1890,,,,
2013,NIC,1910,,,,
2014,NIC,1900,,,,
2015,NIC,2010,,,,
2016,NIC,1990,,,,
2017,NIC,1850,,,,
2018,NIC,1950,,,,
2019,NIC,1590,,,,
2020,NIC,1520,,,,
2021,NIC,1470,,,,
2022,NIC,1610,,,,
2023,NIC,1680,,,,
2010,NLD,375,,,,
2011,NLD,372,,,,
2012,NLD,381,,,,
2013,NLD,374,,,,
2014,NLD,355,,,,
2015,NLD,369,,,,
2016,NLD,352,,,,
2017,NLD,340,,,,
2018,NLD,307,,,,
2019,NLD,262,,,,
2020,NLD,257,,,,
2021,NLD,252,,,,
2022,NLD,248,,,,
2023,NLD,246,,,,
2010,NOR,422,,,,
2011,NOR,421,,,,
2012,NOR,413,,,,
2013,NOR,413,,,,
2014,NOR,423,,,,
2015,NOR,414,,,,
2016,NOR,431,,,,
2017,NOR,447,,,,
2018,NOR,446,,,,
2019,NOR,447,,,,
2020,NOR,449,,,,
2021,NOR,450,,,,
2022,NOR,447,,,,
2023,NOR,446,,,,
2010,NPL,1330,,,,
2011,NPL,1320,,,,
2012,NPL,1300,,,,
2013,NPL,1280,,,,
2014,NPL,1280,,,,
2015,NPL,1270,,,,
2016,NPL,1230,,,,
2017,NPL,1200,,,,
2018,NPL,1140,,,,
2019,NPL,1120,,,,
2020,NPL,1070,,,,
2021,NPL,1030,,,,
2022,NPL,1010,,,,
2023,NPL,793,,,,
2010,NZL,706,,,,
2011,NZL,810,,,,
2012,NZL,692,,,,
2013,NZL,695,,,,
2014,NZL,682,,,,
2015,NZL,664,,,,
2016,NZL,682,,,,
2017,NZL,692,,,,
2018,NZL,685,,,,
2019,NZL,671,,,,
2020,NZL,668,,,,
2021,NZL,688,,,,
2022,NZL,662,,,,
2023,NZL,584,,,,
2010,OMN,1710,,,,
2011,OMN,1780,,,,
2012,OMN,1840,,,,
2013,OMN,1750,,,,
2014,OMN,1810,,,,
2015,OMN,1860,,,,
2016,OMN,1900,,,,
2017,OMN,1960,,,,
2018,OMN,1980,,,,
2019,OMN,1960,,,,
2020,OMN,1590,,,,
2021,OMN,1660,,,,
2022,OMN,1590,,,,
2023,OMN,1630,,,,
2010,PAK,469,,,,
2011,PAK,479,,,,
2012,PAK,480,,,,
2013,PAK,472,,,,
2014,PAK,442,,,,
2015,PAK,446,,,,
2016,PAK,470,,,,
2017,PAK,466,,,,
2018,PAK,467,,,,
2019,PAK,448,,,,
2020,PAK,468,,,,
2021,PAK,469,,,,
2022,PAK,473,,,,
2023,PAK,474,,,,
2010,PAN,1010,,,,
2011,PAN,1010,,,,
2012,PAN,956,,,,
2013,PAN,970,,,,
2014,PAN,905,,,,
2015,PAN,847,,,,
2016,PAN,855,,,,
2017,PAN,852,,,,
2018,PAN,845,,,,
2019,PAN,808,,,,
2020,PAN,861,,,,
2021,PAN,856,,,,
2022,PAN,793,,,,
2023,PAN,805,,,,
2010,PER,1340,,,,
2011,PER,1290,,,,
2012,PER,1180,,,,
2013,PER,1150,,,,
2014,PER,1110,,,,
2015,PER,1080,,,,
2016,PER,1030,,,,
2017,PER,997,,,,
2018,PER,952,,,,
2019,PER,875,,,,
2020,PER,904,,,,
2021,PER,908,,,,
2022,PER,892,,,,
2023,PER,897,,,,
2010,PHL,741,,,,
2011,PHL,689,,,,
2012,PHL,655,,,,
2013,PHL,638,,,,
2014,PHL,630,,,,
2015,PHL,606,,,,
2016,PHL,595,,,,
2017,PHL,597,,,,
2018,PHL,581,,,,
2019,PHL,653,,,,
2020,PHL,695,,,,
2021,PHL,737,,,,
2022,PHL,702,,,,
2023,PHL,687,,,,
2010,PNG,1200,,,,
2011,PNG,1200,,,,
2012,PNG,1220,,,,
2013,PNG,1190,,,,
2014,PNG,1160,,,,
2015,PNG,1140,,,,
2016,PNG,1130,,,,
2017,PNG,1120,,,,
2018,PNG,1100,,,,
2019,PNG,1070,,,,
2020,PNG,1070,,,,
2021,PNG,1110,,,,
2022,PNG,1100,,,,
2023,PNG,1110,,,,
2010,POL,277,,,,
2011,POL,261,,,,
2012,POL,248,,,,
2013,POL,252,,,,
2014,POL,237,,,,
2015,POL,227,,,,
2016,POL,219,,,,
2017,POL,223,,,,
2018,POL,215,,,,
2019,POL,190,,,,
2020,POL,189,,,,
2021,POL,179,,,,
2022,POL,183,,,,
2023,POL,183,,,,
2010,PRK,1000,,,,
2011,PRK,987,,,,
2012,PRK,1020,,,,
2013,PRK,961,,,,
2014,PRK,977,,,,
2015,PRK,977,,,,
2016,PRK,969,,,,
2017,PRK,977,,,,
2018,PRK,975,,,,
2010,PRT,532,,,,
2011,PRT,542,,,,
2012,PRT,549,,,,
2013,PRT,562,,,,
2014,PRT,603,,,,
2015,PRT,591,,,,
2016,PRT,594,,,,
2017,PRT,626,,,,
2018,PRT,579,,,,
2019,PRT,576,,,,
2020,PRT,599,,,,
2021,PRT,561,,,,
2022,PRT,556,,,,
2023,PRT,526,,,,
2010,PRY,3680,,,,
2011,PRY,3640,,,,
2012,PRY,4210,,,,
2013,PRY,3690,,,,
2014,PRY,3490,,,,
2015,PRY,3610,,,,
2016,PRY,3370,,,,
2017,PRY,3210,,,,
2018,PRY,3250,,,,
2019,PRY,2970,,,,
2020,PRY,2760,,,,
2021,PRY,2650,,,,
2022,PRY,2530,,,,
2023,PRY,2580,,,,
2010,PYF,2330,,,,
2011,PYF,2350,,,,
2012,PYF,2790,,,,
2013,PYF,3230,,,,
2014,PYF,3220,,,,
2015,PYF,3230,,,,
2016,PYF,2990,,,,
2017,PYF,3110,,,,
2018,PYF,3170,,,,
2019,PYF,2510,,,,
2020,PYF,2520,,,,
2021,PYF,2460,,,,
2022,PYF,2830,,,,
2023,PYF,2720,,,,
2019,QAT,2580,,,,
2020,QAT,2550,,,,
2021,QAT,2120,,,,
2022,QAT,2800,,,,
2023,QAT,2680,,,,
2010,ROU,500,,,,
2011,ROU,444,,,,
2012,ROU,445,,,,
2013,ROU,459,,,,
2014,ROU,435,,,,
2015,ROU,437,,,,
2016,ROU,438,,,,
2017,ROU,441,,,,
2018,ROU,429,,,,
2019,ROU,439,,,,
2020,ROU,432,,,,
2021,ROU,442,,,,
2022,ROU,425,,,,
2023,ROU,422,,,,
2010,RUS,375,,,,
2011,RUS,365,,,,
2012,RUS,359,,,,
2013,RUS,363,,,,
2014,RUS,346,,,,
2015,RUS,339,,,,
2016,RUS,332,,,,
2017,RUS,322,,,,
2018,RUS,316,,,,
2019,RUS,311,,,,
2020,RUS,302,,,,
2021,RUS,296,,,,
2022,RUS,282,,,,
2023,RUS,280,,,,
2010,RWA,2520,,,,
2011,RWA,2370,,,,
2012,RWA,2340,,,,
2013,RWA,2230,,,,
2014,RWA,2330,,,,
2015,RWA,2460,,,,
2016,RWA,2590,,,,
2017,RWA,2550,,,,
2018,RWA,2450,,,,
2019,RWA,2340,,,,
2020,RWA,2350,,,,
2021,RWA,2490,,,,
2022,RWA,2270,,,,
2023,RWA,2360,,,,
2010,SAU,581,,,,
2011,SAU,686,,,,
2012,SAU,688,,,,
2013,SAU,694,,,,
2014,SAU,633,,,,
2015,SAU,611,,,,
2016,SAU,578,,,,
2017,SAU,599,,,,
2018,SAU,635,,,,
2019,SAU,501,,,,
2020,SAU,678,,,,
2021,SAU,668,,,,
2022,SAU,755,,,,
2023,SAU,645,,,,
2010,SEN,5590,,,,
2011,SEN,5200,,,,
2012,SEN,4770,,,,
2013,SEN,4690,,,,
2014,SEN,4670,,,,
2015,SEN,4670,,,,
2016,SEN,4610,,,,
2017,SEN,4420,,,,
2018,SEN,4270,,,,
2019,SEN,4310,,,,
2020,SEN,4130,,,,
2021,SEN,4180,,,,
2022,SEN,3980,,,,
2023,SEN,4120,,,,
2010,SLB,4080,,,,
2011,SLB,3460,,,,
2012,SLB,4300,,,,
2013,SLB,4180,,,,
2014,SLB,4080,,,,
2015,SLB,3620,,,,
2016,SLB,3670,,,,
2017,SLB,4110,,,,
2018,SLB,3970,,,,
2019,SLB,2920,,,,
2020,SLB,3150,,,,
2021,SLB,3230,,,,
2022,SLB,2710,,,,
2023,SLB,3050,,,,
2010,SLE,3220,,,,
2011,SLE,3180,,,,
2012,SLE,3390,,,,
2013,SLE,3520,,,,
2014,SLE,3820,,,,
2015,SLE,3600,,,,
2016,SLE,3740,,,,
2017,SLE,3790,,,,
2018,SLE,3480,,,,
2019,SLE,3520,,,,
2020,SLE,3520,,,,
2021,SLE,3620,,,,
2022,SLE,3450,,,,
2023,SLE,3570,,,,
2010,SLV,1160,,,,
2011,SLV,976,,,,
2012,SLV,1030,,,,
2013,SLV,790,,,,
2014,SLV,846,,,,
2015,SLV,865,,,,
2016,SLV,870,,,,
2017,SLV,902,,,,
2018,SLV,775,,,,
2019,SLV,786,,,,
2020,SLV,820,,,,
2021,SLV,890,,,,
2022,SLV,791,,,,
2023,SLV,789,,,,
2010,SRB,652,,,,
2011,SRB,632,,,,
2012,SRB,580,,,,
2013,SRB,557,,,,
2014,SRB,574,,,,
2015,SRB,606,,,,
2016,SRB,631,,,,
2017,SRB,631,,,,
2018,SRB,605,,,,
2019,SRB,533,,,,
2020,SRB,534,,,,
2021,SRB,511,,,,
2022,SRB,488,,,,
2023,SRB,453,,,,
2010,STP,3120,,,,
2011,STP,9350,,,,
2012,STP,10600,,,,
2013,STP,11400,,,,
2014,STP,3900,,,,
2015,STP,5710,,,,
2016,STP,4270,,,,
2017,STP,2100,,,,
2018,STP,1680,,,,
2019,STP,1870,,,,
2020,STP,4870,,,,
2021,STP,1890,,,,
2022,STP,1770,,,,
2023,STP,1850,,,,
2010,SUR,1520,,,,
2011,SUR,1570,,,,
2012,SUR,1500,,,,
2013,SUR,1540,,,,
2014,SUR,1370,,,,
2015,SUR,1380,,,,
2016,SUR,1280,,,,
2017,SUR,1300,,,,
2018,SUR,1300,,,,
2019,SUR,1250,,,,
2020,SUR,1210,,,,
2021,SUR,1200,,,,
2022,SUR,1210,,,,
2023,SUR,1290,,,,
2010,SVK,350,,,,
2011,SVK,364,,,,
2012,SVK,337,,,,
2013,SVK,369,,,,
2014,SVK,419,,,,
2015,SVK,409,,,,
2016,SVK,418,,,,
2017,SVK,410,,,,
2018,SVK,388,,,,
2019,SVK,351,,,,
2020,SVK,321,,,,
2021,SVK,303,,,,
2022,SVK,298,,,,
2023,SVK,314,,,,
2010,SVN,449,,,,
2011,SVN,456,,,,
2012,SVN,438,,,,
2013,SVN,462,,,,
2014,SVN,463,,,,
2015,SVN,466,,,,
2016,SVN,466,,,,
2017,SVN,464,,,,
2018,SVN,454,,,,
2019,SVN,462,,,,
2020,SVN,476,,,,
2021,SVN,479,,,,
2022,SVN,471,,,,
2023,SVN,482,,,,
2010,SWE,347,,,,
2011,SWE,356,,,,
2012,SWE,349,,,,
2013,SWE,350,,,,
2014,SWE,289,,,,
2015,SWE,283,,,,
2016,SWE,286,,,,
2017,SWE,288,,,,
2018,SWE,295,,,,
2019,SWE,303,,,,
2020,SWE,267,,,,
2021,SWE,270,,,,
2022,SWE,274,,,,
2023,SWE,264,,,,
2010,SWZ,4450,,,,
2011,SWZ,4400,,,,
2012,SWZ,4280,,,,
2013,SWZ,4320,,,,
2014,SWZ,4100,,,,
2015,SWZ,4150,,,,
2016,SWZ,3800,,,,
2017,SWZ,3760,,,,
2018,SWZ,3870,,,,
2019,SWZ,3590,,,,
2020,SWZ,4230,,,,
2021,SWZ,4260,,,,
2022,SWZ,4660,,,,
2023,SWZ,4290,,,,
2010,SYC,1170,,,,
2011,SYC,562,,,,
2012,SYC,2080,,,,
2013,SYC,562,,,,
2014,SYC,1900,,,,
2015,SYC,992,,,,
2016,SYC,745,,,,
2017,SYC,983,,,,
2018,SYC,947,,,,
2019,SYC,928,,,,
2020,SYC,1080,,,,
2021,SYC,487,,,,
2022,SYC,406,,,,
2023,SYC,459,,,,
2010,SYR,719,,,,
2011,SYR,733,,,,
2012,SYR,769,,,,
2013,SYR,801,,,,
2014,SYR,815,,,,
2015,SYR,819,,,,
2016,SYR,794,,,,
2017,SYR,760,,,,
2018,SYR,782,,,,
2019,SYR,815,,,,
2020,SYR,741,,,,
2021,SYR,769,,,,
2022,SYR,799,,,,
2023,SYR,796,,,,
2010,THA,874,,,,
2011,THA,832,,,,
2012,THA,735,,,,
2013,THA,683,,,,
2014,THA,643,,,,
2015,THA,655,,,,
2016,THA,670,,,,
2017,THA,667,,,,
2018,THA,657,,,,
2019,THA,664,,,,
2020,THA,656,,,,
2021,THA,644,,,,
2022,THA,643,,,,
2023,THA,635,,,,
2010,TJK,1770,,,,
2011,TJK,1740,,,,
2012,TJK,1690,,,,
2013,TJK,1530,,,,
2014,TJK,1540,,,,
2015,TJK,1280,,,,
2016,TJK,1180,,,,
2017,TJK,938,,,,
2018,TJK,920,,,,
2019,TJK,903,,,,
2020,TJK,901,,,,
2021,TJK,921,,,,
2022,TJK,944,,,,
2023,TJK,955,,,,
2010,TKM,1010,,,,
2011,TKM,989,,,,
2012,TKM,974,,,,
2013,TKM,990,,,,
2014,TKM,1040,,,,
2015,TKM,1060,,,,
2016,TKM,1000,,,,
2017,TKM,998,,,,
2018,TKM,984,,,,
2019,TKM,961,,,,
2020,TKM,989,,,,
2021,TKM,979,,,,
2022,TKM,976,,,,
2023,TKM,945,,,,
2010,TLS,3050,,,,
2011,TLS,3050,,,,
2012,TLS,3000,,,,
2013,TLS,3340,,,,
2014,TLS,3580,,,,
2015,TLS,3610,,,,
2016,TLS,3700,,,,
2017,TLS,3490,,,,
2018,TLS,3550,,,,
2019,TLS,4040,,,,
2020,TLS,4380,,,,
2021,TLS,3980,,,,
2022,TLS,3770,,,,
2023,TLS,3870,,,,
2019,TON,10500,,,,
2020,TON,8350,,,,
2021,TON,10800,,,,
2022,TON,10600,,,,
2023,TON,8470,,,,
2010,TTO,1040,,,,
2011,TTO,1060,,,,
2012,TTO,1090,,,,
2013,TTO,1070,,,,
2014,TTO,1060,,,,
2015,TTO,1440,,,,
2016,TTO,1210,,,,
2017,TTO,1190,,,,
2018,TTO,1190,,,,
2019,TTO,1280,,,,
2020,TTO,1640,,,,
2021,TTO,1680,,,,
2022,TTO,1570,,,,
2023,TTO,1630,,,,
2010,TUN,1060,,,,
2011,TUN,1030,,,,
2012,TUN,987,,,,
2013,TUN,964,,,,
2014,TUN,904,,,,
2015,TUN,837,,,,
2016,TUN,813,,,,
2017,TUN,807,,,,
2018,TUN,835,,,,
2019,TUN,867,,,,
2020,TUN,848,,,,
2021,TUN,822,,,,
2022,TUN,836,,,,
2023,TUN,859,,,,
2010,TUR,547,,,,
2011,TUR,499,,,,
2012,TUR,495,,,,
2013,TUR,522,,,,
2014,TUR,515,,,,
2015,TUR,536,,,,
2016,TUR,530,,,,
2017,TUR,491,,,,
2018,TUR,512,,,,
2019,TUR,523,,,,
2020,TUR,551,,,,
2021,TUR,570,,,,
2022,TUR,557,,,,
2023,TUR,524,,,,
2010,TZA,3900,,,,
2011,TZA,4090,,,,
2012,TZA,4080,,,,
2013,TZA,4190,,,,
2014,TZA,4220,,,,
2015,TZA,4170,,,,
2016,TZA,4270,,,,
2017,TZA,4300,,,,
2018,TZA,3980,,,,
2019,TZA,3880,,,,
2020,TZA,3630,,,,
2021,TZA,3650,,,,
2022,TZA,3490,,,,
2023,TZA,3440,,,,
2010,UGA,3660,,,,
2011,UGA,3640,,,,
2012,UGA,3680,,,,
2013,UGA,3630,,,,
2014,UGA,3730,,,,
2015,UGA,4010,,,,
2016,UGA,4030,,,,
2017,UGA,4010,,,,
2018,UGA,3640,,,,
2019,UGA,4050,,,,
2020,UGA,3000,,,,
2021,UGA,2910,,,,
2022,UGA,2670,,,,
2023,UGA,2860,,,,
2010,UKR,342,,,,
2011,UKR,334,,,,
2012,UKR,325,,,,
2013,UKR,320,,,,
2014,UKR,315,,,,
2015,UKR,308,,,,
2016,UKR,298,,,,
2017,UKR,289,,,,
2018,UKR,278,,,,
2019,UKR,288,,,,
2020,UKR,290,,,,
2021,UKR,280,,,,
2022,UKR,295,,,,
2023,UKR,263,,,,
2010,URY,1700,,,,
2011,URY,1560,,,,
2012,URY,1550,,,,
2013,URY,1540,,,,
2014,URY,1490,,,,
2015,URY,1590,,,,
2016,URY,1630,,,,
2017,URY,1530,,,,
2018,URY,1470,,,,
2019,URY,1480,,,,
2020,URY,1460,,,,
2021,URY,1420,,,,
2022,URY,1340,,,,
2023,URY,1430,,,,
2010,USA,471,,,,
2011,USA,463,,,,
2012,USA,450,,,,
2013,USA,445,,,,
2014,USA,439,,,,
2015,USA,436,,,,
2016,USA,437,,,,
2017,USA,434,,,,
2018,USA,435,,,,
2019,USA,434,,,,
2020,USA,420,,,,
2021,USA,421,,,,
2022,USA,418,,,,
2023,USA,413,,,,
2010,UZB,759,,,,
2011,UZB,745,,,,
2012,UZB,731,,,,
2013,UZB,710,,,,
2014,UZB,692,,,,
2015,UZB,667,,,,
2016,UZB,688,,,,
2017,UZB,706,,,,
2018,UZB,672,,,,
2019,UZB,642,,,,
2020,UZB,639,,,,
2021,UZB,640,,,,
2022,UZB,597,,,,
2023,UZB,592,,,,
2010,VCT,1980,,,,
2011,VCT,9850,,,,
2012,VCT,4160,,,,
2013,VCT,3860,,,,
2014,VCT,3450,,,,
2015,VCT,4050,,,,
2016,VCT,4000,,,,
2017,VCT,3520,,,,
2018,VCT,9480,,,,
2019,VCT,3730,,,,
2020,VCT,3520,,,,
2021,VCT,3360,,,,
2022,VCT,8750,,,,
2023,VCT,8910,,,,
2010,VEN,1490,,,,
2011,VEN,1430,,,,
2012,VEN,1720,,,,
2013,VEN,1830,,,,
2014,VEN,1860,,,,
2015,VEN,1950,,,,
2016,VEN,2200,,,,
2017,VEN,2280,,,,
2018,VEN,2250,,,,
2019,VEN,2290,,,,
2020,VEN,2200,,,,
2021,VEN,1910,,,,
2022,VEN,1750,,,,
2023,VEN,1720,,,,
2010,VNM,1140,,,,
2011,VNM,1070,,,,
2012,VNM,1020,,,,
2013,VNM,976,,,,
2014,VNM,941,,,,
2015,VNM,924,,,,
2016,VNM,909,,,,
2017,VNM,893,,,,
2018,VNM,884,,,,
2019,VNM,829,,,,
2020,VNM,899,,,,
2021,VNM,809,,,,
2022,VNM,752,,,,
2023,VNM,704,,,,
2010,VUT,8090,,,,
2011,VUT,9690,,,,
2012,VUT,7680,,,,
2013,VUT,8410,,,,
2014,VUT,9240,,,,
2015,VUT,8320,,,,
2016,VUT,6530,,,,
2017,VUT,6380,,,,
2018,VUT,5800,,,,
2019,VUT,7350,,,,
2020,VUT,7320,,,,
2021,VUT,7280,,,,
2022,VUT,7550,,,,
2023,VUT,7280,,,,
2010,WSM,8850,,,,
2011,WSM,9440,,,,
2012,WSM,9450,,,,
2013,WSM,9560,,,,
2014,WSM,9290,,,,
2015,WSM,9650,,,,
2016,WSM,9090,,,,
2017,WSM,8720,,,,
2018,WSM,7390,,,,
2019,WSM,20500,,,,
2020,WSM,10700,,,,
2021,WSM,9820,,,,
2022,WSM,9530,,,,
2023,WSM,12600,,,,
2010,YEM,3040,,,,
2011,YEM,2870,,,,
2012,YEM,2760,,,,
2013,YEM,2620,,,,
2014,YEM,2720,,,,
2015,YEM,2740,,,,
2016,YEM,3010,,,,
2017,YEM,3080,,,,
2018,YEM,2760,,,,
2019,YEM,2810,,,,
2020,YEM,2620,,,,
2021,YEM,2680,,,,
2022,YEM,2640,,,,
2023,YEM,2760,,,,
2010,ZAF,1160,,,,
2011,ZAF,1170,,,,
2012,ZAF,1170,,,,
2013,ZAF,1080,,,,
2014,ZAF,1020,,,,
2015,ZAF,974,,,,
2016,ZAF,960,,,,
2017,ZAF,980,,,,
2018,ZAF,946,,,,
2019,ZAF,887,,,,
2020,ZAF,836,,,,
2021,ZAF,824,,,,
2022,ZAF,842,,,,
2023,ZAF,843,,,,
2010,ZMB,2070,,,,
2011,ZMB,1820,,,,
2012,ZMB,2370,,,,
2013,ZMB,2220,,,,
2014,ZMB,2190,,,,
2015,ZMB,2520,,,,
2016,ZMB,2380,,,,
2017,ZMB,2160,,,,
2018,ZMB,2090,,,,
2019,ZMB,2440,,,,
2020,ZMB,2290,,,,
2021,ZMB,2410,,,,
2022,ZMB,2690,,,,
2023,ZMB,2520,,,,
2010,ZWE,1720,,,,
2011,ZWE,1690,,,,
2012,ZWE,1660,,,,
2013,ZWE,1670,,,,
2014,ZWE,1590,,,,
2015,ZWE,1620,,,,
2016,ZWE,1590,,,,
2017,ZWE,1640,,,,
2018,ZWE,1650,,,,
2019,ZWE,1550,,,,
2020,ZWE,1450,,,,
2021,ZWE,1410,,,,
2022,ZWE,1390,,,,
2023,ZWE,1410,,,,