year,geo,disagg_type,disagg,value
2015,WLD,All,Total,60.4
2016,WLD,All,Total,94.5
2017,WLD,All,Total,89.3
2018,WLD,All,Total,258.8
2019,WLD,All,Total,84.4
2020,WLD,All,Total,21.9
2021,WLD,All,Total,400.6
2022,WLD,All,Total,475.9
2015,WLD,Funding Type,Foundation,17.6
2015,WLD,Funding Type,Government,9.4
2015,WLD,Funding Type,International body,23.9
2015,WLD,Funding Type,Multiple donors,8.8
2015,WLD,Funding Type,Private sector,0.7
2016,WLD,Funding Type,Foundation,33.1
2016,WLD,Funding Type,Government,19.6
2016,WLD,Funding Type,International body,23.0
2016,WLD,Funding Type,Multiple donors,17.1
2016,WLD,Funding Type,Private sector,1.6
2017,WLD,Funding Type,Government,7.2
2017,WLD,Funding Type,International body,27.0
2017,WLD,Funding Type,Multiple donors,55.1
2018,WLD,Funding Type,Foundation,7.0
2018,WLD,Funding Type,Government,0.5
2018,WLD,Funding Type,International body,36.4
2018,WLD,Funding Type,Multiple donors,214.9
2019,WLD,Funding Type,Government,30.0
2019,WLD,Funding Type,International body,32.7
2019,WLD,Funding Type,Multiple donors,19.6
2019,WLD,Funding Type,Private sector,2.1
2020,WLD,Funding Type,Foundation,9.0
2020,WLD,Funding Type,International body,12.8
2021,WLD,Funding Type,Foundation,0.3
2021,WLD,Funding Type,Government,150.7
2021,WLD,Funding Type,International body,193.3
2021,WLD,Funding Type,Multiple donors,5.3
2021,WLD,Funding Type,NA,47.8
2021,WLD,Funding Type,Private sector,3.1
2022,WLD,Funding Type,Government,12.4
2022,WLD,Funding Type,International body,463.4
2015,WLD,Habitat Type,Coral reefs,26.5
2015,WLD,Habitat Type,Mangroves,9.7
2015,WLD,Habitat Type,Multiple habitats,12.4
2015,WLD,Habitat Type,NA,9.9
2015,WLD,Habitat Type,Other habitat,1.8
2015,WLD,Habitat Type,Seagrass,0.1
2016,WLD,Habitat Type,Coral reefs,43.2
2016,WLD,Habitat Type,Mangroves,0.0
2016,WLD,Habitat Type,Multiple habitats,26.5
2016,WLD,Habitat Type,NA,11.0
2016,WLD,Habitat Type,Other habitat,13.8
2017,WLD,Habitat Type,Coral reefs,55.1
2017,WLD,Habitat Type,Mangroves,7.2
2017,WLD,Habitat Type,Multiple habitats,3.6
2017,WLD,Habitat Type,NA,17.7
2017,WLD,Habitat Type,Other habitat,3.2
2017,WLD,Habitat Type,Seagrass,2.6
2018,WLD,Habitat Type,Coral reefs,8.5
2018,WLD,Habitat Type,Mangroves,1.9
2018,WLD,Habitat Type,Multiple habitats,25.7
2018,WLD,Habitat Type,NA,204.1
2018,WLD,Habitat Type,Other habitat,18.5
2018,WLD,Habitat Type,Saltmarshes,0.1
2019,WLD,Habitat Type,Coral reefs,8.5
2019,WLD,Habitat Type,Mangroves,0.0
2019,WLD,Habitat Type,Multiple habitats,35.6
2019,WLD,Habitat Type,NA,1.6
2019,WLD,Habitat Type,Other habitat,19.4
2019,WLD,Habitat Type,Saltmarshes,13.4
2019,WLD,Habitat Type,Seagrass,5.9
2020,WLD,Habitat Type,Coral reefs,9.0
2020,WLD,Habitat Type,Multiple habitats,9.5
2020,WLD,Habitat Type,Other habitat,3.3
2021,WLD,Habitat Type,Coral reefs,4.9
2021,WLD,Habitat Type,Mangroves,2.8
2021,WLD,Habitat Type,Multiple habitats,173.3
2021,WLD,Habitat Type,NA,146.7
2021,WLD,Habitat Type,Other habitat,0.3
2021,WLD,Habitat Type,Saltmarshes,49.3
2021,WLD,Habitat Type,Seagrass,23.2
2022,WLD,Habitat Type,Mangroves,452.5
2022,WLD,Habitat Type,Multiple habitats,2.1
2022,WLD,Habitat Type,NA,19.2
2022,WLD,Habitat Type,Saltmarshes,0.6
2022,WLD,Habitat Type,Seagrass,1.5
2021,ARE,All,Total,5.3
2015,AUS,All,Total,15.6
2019,AUS,All,Total,0.7
2021,AUS,All,Total,19.4
2022,AUS,All,Total,4.2
2018,BGR,All,Total,2.7
2021,BGR,All,Total,20.0
2019,BHS,All,Total,2.1
2015,BLZ,All,Total,7.8
2016,BLZ,All,Total,16.4
2015,BRA,All,Total,7.1
2018,BRA,All,Total,183.0
2021,COL,All,Total,2.1
2022,COL,All,Total,7.5
2015,CRI,All,Total,0.6
2017,CRI,All,Total,7.2
2017,DEU,All,Total,4.6
2022,ECU,All,Total,0.0
2016,ESP,All,Total,3.6
2018,ESP,All,Total,5.8
2021,ESP,All,Total,26.3
2018,FIN,All,Total,9.4
2015,FRA,All,Total,6.4
2017,FRA,All,Total,8.9
2018,FRA,All,Total,6.1
2019,FRA,All,Total,28.0
2021,FRA,All,Total,44.3
2015,GBR,All,Total,3.6
2018,GBR,All,Total,18.6
2020,GBR,All,Total,3.2
2021,GBR,All,Total,3.6
2015,GNB,All,Total,0.4
2018,GRC,All,Total,2.3
2019,GRC,All,Total,1.6
2015,IDN,All,Total,8.8
2016,IDN,All,Total,0.1
2019,IDN,All,Total,5.2
2021,IDN,All,Total,2.8
2022,IDN,All,Total,445.8
2021,ISR,All,Total,20.0
2015,ITA,All,Total,1.8
2016,ITA,All,Total,18.3
2017,ITA,All,Total,8.9
2018,ITA,All,Total,3.3
2020,ITA,All,Total,6.3
2021,ITA,All,Total,42.2
2021,KAZ,All,Total,47.8
2018,KEN,All,Total,0.3
2019,KEN,All,Total,4.5
2016,LVA,All,Total,1.0
2016,MDG,All,Total,0.0
2018,MDG,All,Total,0.0
2015,MDV,All,Total,4.5
2016,MEX,All,Total,8.5
2018,MEX,All,Total,8.5
2016,MHL,All,Total,0.8
2016,NLD,All,Total,1.6
2017,NLD,All,Total,13.8
2018,NLD,All,Total,5.0
2021,NLD,All,Total,20.0
2017,POL,All,Total,4.7
2021,POL,All,Total,20.0
2020,PRT,All,Total,3.3
2019,SWE,All,Total,3.4
2018,TUR,All,Total,2.9
2017,TUV,All,Total,41.3
2015,USA,All,Total,3.9
2016,USA,All,Total,44.0
2018,USA,All,Total,0.1
2019,USA,All,Total,38.9
2020,USA,All,Total,9.0
2021,USA,All,Total,126.7